StartDate,EndDate,Status,IPAddress,Progress,Duration (in seconds),Finished,RecordedDate,ResponseId,RecipientLastName,RecipientFirstName,RecipientEmail,ExternalReference,LocationLatitude,LocationLongitude,DistributionChannel,UserLanguage,Q1,Q2,Q3,Q4,Q5,Q6,Q7,Q9,Q11,Q10,Q13,Q13_38_TEXT,subject_id
2020-07-24 23:50:47,2020-07-24 23:53:07,IP Address,157.32.125.93,9,139,False,2020-07-31 23:53:42,R_22YyHF5OdfckVBU,,,,,,,anonymous,EN,"Yes, I consent to participate",,,,,,,,,,,,9051
2020-08-14 07:18:13,2020-08-14 07:21:55,IP Address,108.244.75.35,100,222,True,2020-08-14 07:21:55,R_20YuXbbWbavAZ4c,,,,,41.7821044921875,-87.6045989990234375,anonymous,EN,"Yes, I consent to participate",cdr,General,Hindu,Female,45,Did not graduate high school,A few times a month,A few times a day,Within the past year,,,5584
2020-08-09 03:49:57,2020-08-09 03:50:58,IP Address,49.34.126.27,9,61,False,2020-08-16 03:51:33,R_21z7UFJ6UP5t3wN,,,,,,,anonymous,EN,"Yes, I consent to participate",,,,,,,,,,,,4761
2020-08-17 23:29:55,2020-08-17 23:32:51,IP Address,106.51.107.111,100,175,True,2020-08-17 23:32:51,R_ZL77nKzo0TxBhBL,,,,,12.97210693359375,77.593292236328125,anonymous,EN,"Yes, I consent to participate",cdr,General,Hindu,Male,18,Graduated high school,A few times a week,A few times a year,Within the past week,,,2223
2020-08-17 23:30:53,2020-08-17 23:33:08,IP Address,182.69.184.46,100,135,True,2020-08-17 23:33:08,R_3FLjbRVGpkhmYpK,,,,,28.6504058837890625,77.237213134765625,anonymous,EN,"Yes, I consent to participate",cdr,General,Hindu,Male,20,Graduated high school,A few times an hour,A few times an hour,Within the past hour,,,4421
2020-08-17 23:39:23,2020-08-17 23:48:44,IP Address,182.66.0.50,100,560,True,2020-08-17 23:48:44,R_3HjfIhlYqsyqh42,,,,,22.5655059814453125,88.36529541015625,anonymous,EN,"Yes, I consent to participate",cdr,Scheduled Castes (SC),Hindu,Female,20,Graduated high school,A few times a week,A few times a week,Within the past day,,,2169
2020-08-18 01:32:03,2020-08-18 01:36:24,IP Address,171.61.149.27,100,260,True,2020-08-18 01:36:24,R_3R2QJYxFZl4lKXu,,,,,28.6504058837890625,77.237213134765625,anonymous,EN,"Yes, I consent to participate",cdr,General,Hindu,Male,20,Graduated high school,A few times a week,A few times a month,Within the past day,,,4934
2020-08-18 02:33:13,2020-08-18 02:36:49,IP Address,223.235.133.190,100,215,True,2020-08-18 02:36:49,R_3prR0WPpXscRIt0,,,,,28.57879638671875,77.33209228515625,anonymous,EN,"Yes, I consent to participate",cdr,General,Muslim,Female,20,Graduated high school,A few times an hour,A few times a week,Within the past hour,,,3668
2020-08-18 02:36:22,2020-08-18 02:39:22,IP Address,49.36.58.2,100,180,True,2020-08-18 02:39:23,R_XuDXFllGp9NdyBH,,,,,18.52130126953125,73.852294921875,anonymous,EN,"Yes, I consent to participate",CDR,General,Hindu,Female,20,Graduated high school,Never,A few times a year,Within the past year,,,1195
2020-08-18 01:33:49,2020-08-18 02:44:20,IP Address,103.248.95.183,100,4231,True,2020-08-18 02:44:21,R_3KuzHRvfp3X1j0W,,,,,28.6331024169921875,77.220703125,anonymous,EN,"Yes, I consent to participate",cdr,General,Hindu,Male,19,Graduated high school,A few times a day,A few times a day,Within the past hour,,,8376
2020-08-18 04:32:21,2020-08-18 04:34:25,IP Address,27.7.8.69,100,124,True,2020-08-18 04:34:25,R_2B9Xi2OKGotXilj,,,,,12.97210693359375,77.593292236328125,anonymous,EN,"Yes, I consent to participate",cdr,General,Hindu,Male,20,Graduated high school,A few times a day,A few times a day,Within the past hour,,,8123
2020-08-18 05:33:46,2020-08-18 05:40:19,IP Address,171.76.134.40,100,393,True,2020-08-18 05:40:19,R_2aLCabdwYwcHVUS,,,,,26.83709716796875,80.92059326171875,anonymous,EN,"Yes, I consent to participate",cdr,General,Hindu,Female,23,Bachelor's degree,A few times a week,A few times a month,Within the past week,,,8747
2020-08-20 02:51:57,2020-08-20 02:55:07,IP Address,125.99.6.181,100,189,True,2020-08-20 02:55:07,R_29oc3auS6CTzdxX,,,,,28.6504058837890625,77.237213134765625,anonymous,EN,"Yes, I consent to participate",cdr,General,Hindu,Male,18,3,A few times a week,A few times a month,Within the past day,Delhi,,7387
2020-08-20 02:29:59,2020-08-20 03:17:04,IP Address,103.252.170.242,100,2824,True,2020-08-20 03:17:04,R_3mkN9oQa0otvNSV,,,,,21.14630126953125,79.08489990234375,anonymous,EN,"Yes, I consent to participate",cdr,General,Hindu,Male,22,Bachelor's degree,A few times a day,A few times a day,Within the past day,Maharashtra,,4745
2020-08-20 04:37:19,2020-08-20 04:41:45,IP Address,122.165.179.55,100,265,True,2020-08-20 04:41:45,R_2dm4y5YNXxLoDTu,,,,,13.08599853515625,80.27508544921875,anonymous,EN,"Yes, I consent to participate",cdr,Other Backward Classes (OBC),Hindu,Female,19,Graduated high school,A few times a day,A few times a day,Within the past hour,Tamil Nadu,,8354
2020-08-20 05:35:50,2020-08-20 05:37:55,IP Address,157.41.141.151,100,124,True,2020-08-20 05:37:55,R_3IghqHgb9aVsgx3,,,,,20.27130126953125,85.833404541015625,anonymous,EN,"Yes, I consent to participate",cdr,General,Hindu,Male,19,Bachelor's degree,A few times an hour,A few times an hour,Within the past hour,Odisha,,7184
2020-08-23 23:45:05,2020-08-23 23:52:52,IP Address,223.191.20.33,100,466,True,2020-08-23 23:52:52,R_251nm2H5CPwzY89,,,,,22.5655059814453125,88.36529541015625,anonymous,EN,"Yes, I consent to participate",CDR,Scheduled Tribes (ST),Other,Female,23,Bachelor's degree,A few times a day,A few times a week,Within the past hour,West Bengal,,2185
2020-08-24 03:01:30,2020-08-24 03:04:10,IP Address,45.117.74.11,100,160,True,2020-08-24 03:04:10,R_1qfSuMYwTbeiqAg,,,,,19.074798583984375,72.8856048583984375,anonymous,EN,"Yes, I consent to participate",cdr,General,Muslim,Female,24,Bachelor's degree,A few times a week,A few times a month,Within the past day,Maharashtra,,2838
2020-08-24 04:27:05,2020-08-24 04:35:12,IP Address,27.60.185.66,100,487,True,2020-08-24 04:35:12,R_9BNfAk4bvfCP0Gt,,,,,19.074798583984375,72.8856048583984375,anonymous,EN,"Yes, I consent to participate",cdr,General,Hindu,Male,19,3,A few times a day,A few times a day,Within the past hour,Maharashtra,,4309
2020-08-24 06:03:12,2020-08-24 06:06:35,IP Address,47.29.102.210,100,203,True,2020-08-24 06:06:35,R_2tqXHx4tO5geb9i,,,,,25.5908050537109375,85.134796142578125,anonymous,EN,"Yes, I consent to participate",cdr,General,Hindu,Female,23,Bachelor's degree,A few times an hour,A few times a day,Within the past hour,Jharkand,,6306
2020-08-24 22:29:06,2020-08-24 22:30:42,IP Address,223.235.176.157,100,96,True,2020-08-24 22:30:42,R_3h5rFGsxJCwLXFI,,,,,30.736602783203125,76.792510986328125,anonymous,EN,"Yes, I consent to participate",cdr,General,Other,Female,20,3,A few times a day,A few times a month,Within the past day,Chandigarh,,2932
2020-08-24 22:31:50,2020-08-24 22:40:46,IP Address,112.79.76.50,100,536,True,2020-08-24 22:40:46,R_2WG485oYE2aKx69,,,,,19.074798583984375,72.8856048583984375,anonymous,EN,"Yes, I consent to participate",CDR,General,Muslim,Male,21,3,A few times a day,A few times a day,Within the past hour,Maharashtra,,6381
2020-08-25 00:01:25,2020-08-25 00:04:16,IP Address,103.140.72.159,100,170,True,2020-08-25 00:04:16,R_307RHPPkpOhF2x2,,,,,19.246307373046875,73.131500244140625,anonymous,EN,"Yes, I consent to participate",cdr,Other Backward Classes (OBC),Hindu,Male,19,Bachelor's degree,A few times a week,A few times a week,Within the past day,Maharashtra,,5717
2020-08-25 00:31:27,2020-08-25 00:36:43,IP Address,103.210.145.181,100,316,True,2020-08-25 00:36:43,R_1Dx9sooOcZyev2H,,,,,19.2162017822265625,73.0823974609375,anonymous,EN,"Yes, I consent to participate",cdr,General,Muslim,Male,27,Bachelor's degree,A few times a week,A few times a day,Within the past week,Maharashtra,,4266
2020-08-25 02:34:56,2020-08-25 02:40:14,IP Address,157.34.51.4,100,318,True,2020-08-25 02:40:15,R_1N99hSoC5pwx2NZ,,,,,23.252593994140625,77.404510498046875,anonymous,EN,"Yes, I consent to participate",CDR,General,Hindu,Female,23,Master's degree,A few times a day,A few times a day,Within the past hour,Chhatisgarh,,7541
2020-08-25 02:40:34,2020-08-25 02:43:48,IP Address,202.179.74.132,100,194,True,2020-08-25 02:43:48,R_1g5wOTV07ytMyhV,,,,,19.074798583984375,72.8856048583984375,anonymous,EN,,cdr,General,Muslim,Male,22,Graduated high school,A few times an hour,A few times a day,Within the past week,Maharashtra,,8930
2020-08-25 04:37:42,2020-08-25 04:41:02,IP Address,49.32.38.64,100,200,True,2020-08-25 04:41:03,R_3RrObD76LWSiIVi,,,,,19.074798583984375,72.8856048583984375,anonymous,EN,"Yes, I consent to participate",CDR,General,Hindu,Male,18,3,A few times a day,A few times a day,Within the past day,Maharashtra,,3528
2020-08-25 05:47:47,2020-08-25 05:50:16,IP Address,117.237.242.164,100,149,True,2020-08-25 05:50:16,R_3h9gAZYB4Cmn8Lf,,,,,20.0063018798828125,77.006011962890625,anonymous,EN,"Yes, I consent to participate",cdr,Other Backward Classes (OBC),Hindu,Male,26,Bachelor's degree,A few times a month,A few times a day,Within the past week,West Bengal,,9402
2020-08-25 05:44:43,2020-08-25 05:51:21,IP Address,27.61.101.54,100,398,True,2020-08-25 05:51:22,R_24iNKOVPqEPhqZY,,,,,23.3426055908203125,85.309906005859375,anonymous,EN,"Yes, I consent to participate",cdr,General,Hindu,Female,20,3,A few times a day,A few times a day,Within the past hour,Jharkand,,6818
2020-08-25 23:34:28,2020-08-25 23:37:37,IP Address,49.37.15.83,100,189,True,2020-08-25 23:37:38,R_3gUEKYhWvKNEFtb,,,,,22.5655059814453125,88.36529541015625,anonymous,EN,"Yes, I consent to participate",cdr,General,Hindu,Female,26,Bachelor's degree,A few times an hour,A few times a day,Within the past hour,Jharkand,,4385
2020-08-26 00:18:59,2020-08-26 00:21:26,IP Address,112.133.244.110,100,147,True,2020-08-26 00:21:27,R_3LaUlWD5aVYuPyg,,,,,15.8520965576171875,74.5045013427734375,anonymous,EN,"Yes, I consent to participate",cdr,Other Backward Classes (OBC),Hindu,Male,20,3,A few times a day,A few times a day,Within the past day,Maharashtra,,3779
2020-08-26 01:32:45,2020-08-26 01:35:46,IP Address,106.193.139.215,100,181,True,2020-08-26 01:35:46,R_1jYPMdsS6DKGwH8,,,,,18.52130126953125,73.852294921875,anonymous,EN,"Yes, I consent to participate",cdr,General,Hindu,Male,22,Professional degree,A few times a week,A few times an hour,Within the past month,Maharashtra,,9930
2020-08-26 01:38:00,2020-08-26 01:42:52,IP Address,27.61.108.193,100,292,True,2020-08-26 01:42:53,R_RPT0lOpXrttJjl7,,,,,23.3426055908203125,85.309906005859375,anonymous,EN,"Yes, I consent to participate",CDR,Other Backward Classes (OBC),Hindu,Female,23,Bachelor's degree,A few times a week,A few times a week,Within the past week,Jharkand,,4549
2020-08-26 01:44:28,2020-08-26 01:48:22,IP Address,49.32.63.100,100,234,True,2020-08-26 01:48:23,R_DGpp4SdUR5utChz,,,,,19.074798583984375,72.8856048583984375,anonymous,EN,"Yes, I consent to participate",cdr,General,Muslim,Male,21,Graduated high school,A few times a day,A few times a day,Within the past hour,Maharashtra,,7130
2020-08-26 03:03:33,2020-08-26 03:09:01,IP Address,106.210.149.51,100,327,True,2020-08-26 03:09:01,R_1K8qOa4tgh4rxi7,,,,,18.52130126953125,73.852294921875,anonymous,EN,"Yes, I consent to participate",CDR,Other Backward Classes (OBC),Hindu,Male,24,Bachelor's degree,A few times a day,A few times a week,Within the past day,Maharashtra,,8747
2020-08-26 03:32:56,2020-08-26 03:36:23,IP Address,49.32.48.93,100,206,True,2020-08-26 03:36:23,R_1jNk5Xl2165kS7C,,,,,19.074798583984375,72.8856048583984375,anonymous,EN,"Yes, I consent to participate",cdr,General,Hindu,Male,19,Graduated high school,A few times a day,A few times a week,Within the past hour,Maharashtra,,4450
2020-08-26 04:11:35,2020-08-26 04:15:24,IP Address,157.42.93.170,100,229,True,2020-08-26 04:15:25,R_6YhmM3I16o6FPzj,,,,,25.5908050537109375,85.134796142578125,anonymous,EN,"Yes, I consent to participate",cdr,General,Hindu,Female,23,Graduated high school,A few times a day,A few times a week,Within the past hour,Jharkand,,7059
2020-08-26 05:49:22,2020-08-26 05:52:46,IP Address,49.36.133.161,100,203,True,2020-08-26 05:52:46,R_V1Kd7h2kAujf91n,,,,,28.6504058837890625,77.237213134765625,anonymous,EN,"Yes, I consent to participate",CDR,General,Hindu,Male,23,Bachelor's degree,A few times a week,A few times a day,Within the past week,Delhi,,1136
2020-08-26 06:02:44,2020-08-26 06:07:37,IP Address,157.42.119.194,100,292,True,2020-08-26 06:07:37,R_UXRkmqrSm0KGn8l,,,,,25.5908050537109375,85.134796142578125,anonymous,EN,"Yes, I consent to participate",cdr,General,Hindu,Male,21,Bachelor's degree,A few times a day,A few times a day,Within the past hour,Maharashtra,,3084
2020-08-26 22:28:39,2020-08-26 22:33:38,IP Address,47.9.246.129,100,299,True,2020-08-26 22:33:39,R_3E9Wv9w8dTiTLJA,,,,,25.5908050537109375,85.134796142578125,anonymous,EN,"Yes, I consent to participate",cdr,General,Other,Female,24,Bachelor's degree,A few times a day,A few times a week,Within the past hour,Jharkand,,7918
2020-08-26 22:33:44,2020-08-26 22:38:01,IP Address,139.167.38.174,100,257,True,2020-08-26 22:38:01,R_3C8Z7Ooz3Wz0ZX3,,,,,28.6331024169921875,77.220703125,anonymous,EN,"Yes, I consent to participate",cdr,General,Hindu,Male,29,Master's degree,A few times a month,A few times a year,Within the past day,Uttarakhand,,1598
2020-08-26 22:42:46,2020-08-26 22:46:55,IP Address,106.206.126.139,100,248,True,2020-08-26 22:46:55,R_1IiWjFBVLm37kWl,,,,,12.97210693359375,77.593292236328125,anonymous,EN,"Yes, I consent to participate",cdr,General,Hindu,Female,22,Bachelor's degree,A few times a day,A few times a day,Within the past day,West Bengal,,9208
2020-08-27 00:00:17,2020-08-27 00:06:33,IP Address,171.51.234.151,100,376,True,2020-08-27 00:06:33,R_1JUwtMStsEeMaJj,,,,,19.074798583984375,72.8856048583984375,anonymous,EN,"Yes, I consent to participate",cdr,General,Muslim,Male,21,Graduated high school,A few times a week,A few times a month,Within the past day,Maharashtra,,3136
2020-08-27 00:03:00,2020-08-27 00:07:02,IP Address,157.33.160.236,100,242,True,2020-08-27 00:07:02,R_eqX0ip4SGybYS6l,,,,,18.52130126953125,73.852294921875,anonymous,EN,"Yes, I consent to participate",cdr,General,Hindu,Male,20,Graduated high school,A few times an hour,A few times an hour,Within the past hour,Goa,,3191
2020-08-27 00:31:55,2020-08-27 00:35:54,IP Address,157.33.158.230,100,239,True,2020-08-27 00:35:54,R_1hAUlmNREZ3whH1,,,,,18.52130126953125,73.852294921875,anonymous,EN,"Yes, I consent to participate",CDR,Scheduled Castes (SC),Other,Male,20,3,A few times an hour,A few times an hour,Within the past hour,Maharashtra,,3412
2020-08-27 01:49:13,2020-08-27 01:51:37,IP Address,27.106.114.249,100,144,True,2020-08-27 01:51:38,R_3fMP1V9ktPKEIje,,,,,15.3957977294921875,73.815704345703125,anonymous,EN,"Yes, I consent to participate",cdr,General,Hindu,Male,20,Bachelor's degree,A few times a day,A few times a day,Within the past hour,Goa,,1596
2020-08-27 01:51:13,2020-08-27 01:55:27,IP Address,103.19.138.223,100,254,True,2020-08-27 01:55:27,R_31vCqqvhHpaXXsa,,,,,19.074798583984375,72.8856048583984375,anonymous,EN,"Yes, I consent to participate",cdr,General,Hindu,Female,20,Graduated high school,A few times a month,A few times a month,Within the past month,Maharashtra,,5539
2020-08-27 02:27:40,2020-08-27 02:31:39,IP Address,157.33.129.147,100,238,True,2020-08-27 02:31:39,R_3Hi7Zt58mJECLw3,,,,,18.52130126953125,73.852294921875,anonymous,EN,"Yes, I consent to participate",cdr,General,Muslim,Male,19,Graduated high school,A few times a week,A few times a week,Within the past day,Goa,,6785
2020-08-27 03:17:13,2020-08-27 03:21:39,IP Address,182.64.126.79,100,266,True,2020-08-27 03:21:40,R_3NEYAsaasA68MZC,,,,,28.6331024169921875,77.220703125,anonymous,EN,"Yes, I consent to participate",CDR,General,Hindu,Female,22,Bachelor's degree,A few times a week,A few times a week,Within the past week,Delhi,,9106
2020-08-27 03:29:12,2020-08-27 03:32:04,IP Address,157.42.24.39,100,171,True,2020-08-27 03:32:04,R_2fvdGLducAWcNfS,,,,,25.5908050537109375,85.134796142578125,anonymous,EN,"Yes, I consent to participate",cdr,Other Backward Classes (OBC),Hindu,Female,24,Bachelor's degree,A few times an hour,A few times a day,Within the past hour,Jharkand,,1433
2020-08-27 04:38:41,2020-08-27 04:42:57,IP Address,27.7.233.215,100,255,True,2020-08-27 04:42:57,R_3NIhNYXGCngmYOm,,,,,28.6504058837890625,77.237213134765625,anonymous,EN,"Yes, I consent to participate",CDR,General,Other,Female,27,Master's degree,A few times a day,A few times a week,Within the past hour,Delhi,,5465
2020-08-27 04:32:40,2020-08-27 04:43:34,IP Address,1.38.216.239,100,654,True,2020-08-27 04:43:34,R_2wbQf0dyKAwre1h,,,,,19.074798583984375,72.8856048583984375,anonymous,EN,"Yes, I consent to participate",Cdr,General,Muslim,Male,20,3,A few times a month,A few times a month,Within the past hour,Other,MAHARASHTRA,5968
2020-08-17 05:36:38,2020-08-20 05:35:42,IP Address,122.178.210.27,9,259143,False,2020-08-27 05:36:28,R_1n7vIxJphnlYSla,,,,,,,anonymous,EN,"Yes, I consent to participate",,,,,,,,,,,,7743
2020-08-27 22:31:47,2020-08-27 22:35:52,IP Address,106.208.195.89,100,245,True,2020-08-27 22:35:52,R_uwVFR5w0dBQ6Ip3,,,,,23.3426055908203125,85.309906005859375,anonymous,EN,"Yes, I consent to participate",CDR,Other Backward Classes (OBC),Hindu,Male,29,Bachelor's degree,A few times a week,A few times a week,Within the past week,Jharkand,,8708
2020-08-27 23:11:07,2020-08-27 23:13:03,IP Address,49.205.224.95,100,116,True,2020-08-27 23:13:03,R_1nSMF0ht6Otnqw1,,,,,17.38409423828125,78.456390380859375,anonymous,EN,"Yes, I consent to participate",CDR,Other Backward Classes (OBC),Muslim,Female,23,Master's degree,A few times a day,A few times a day,Within the past day,Telangana,,5839
2020-08-27 05:39:19,2020-08-28 01:36:23,IP Address,103.66.212.29,100,71823,True,2020-08-28 01:36:23,R_1EWOXzwkXjzalmh,,,,,19.074798583984375,72.8856048583984375,anonymous,EN,"Yes, I consent to participate",cdr,Other Backward Classes (OBC),Hindu,Female,19,3,A few times an hour,A few times a day,Within the past hour,Maharashtra,,5440
2020-08-28 02:03:38,2020-08-28 02:08:34,IP Address,43.248.71.172,100,296,True,2020-08-28 02:08:35,R_2XdHUv1WZ7SaDBN,,,,,19.074798583984375,72.8856048583984375,anonymous,EN,"Yes, I consent to participate",cdr,General,Hindu,Male,21,3,A few times a week,A few times a week,Within the past week,Maharashtra,,5618
2020-08-28 02:31:18,2020-08-28 02:34:23,IP Address,45.117.74.11,100,185,True,2020-08-28 02:34:24,R_3dEBwluLB5j2evE,,,,,19.03680419921875,73.0157928466796875,anonymous,EN,"Yes, I consent to participate",cdr,General,Muslim,Male,21,Bachelor's degree,A few times a day,A few times a day,Within the past hour,Maharashtra,,6945
2020-08-24 04:56:21,2020-08-28 04:06:44,IP Address,223.189.62.125,100,342623,True,2020-08-28 04:06:45,R_28TdnDSrjxjIdZM,,,,,19.074798583984375,72.8856048583984375,anonymous,EN,"Yes, I consent to participate",cdr,General,Muslim,Female,18,Graduated high school,A few times an hour,A few times a day,Within the past year,Maharashtra,,5819
2020-08-28 04:28:52,2020-08-28 04:31:46,IP Address,157.49.171.248,100,174,True,2020-08-28 04:31:46,R_2z6DJnfWOrfpbUD,,,,,12.971893310546875,77.59368896484375,anonymous,EN,"Yes, I consent to participate",cdr,General,Hindu,Male,23,Master's degree,A few times a day,A few times a day,Within the past hour,Karnataka,,6128
2020-08-28 04:32:18,2020-08-28 04:36:01,IP Address,157.43.229.207,100,223,True,2020-08-28 04:36:01,R_2akUl9PKxYOkZo6,,,,,22.5626068115234375,88.363006591796875,anonymous,EN,"Yes, I consent to participate",cdr,General,Hindu,Female,23,Bachelor's degree,A few times a week,A few times a week,Within the past day,West Bengal,,2023
2020-08-28 05:32:21,2020-08-28 05:35:53,IP Address,49.37.11.107,100,211,True,2020-08-28 05:35:54,R_3GCK3zPTLwC78C3,,,,,22.5626068115234375,88.363006591796875,anonymous,EN,"Yes, I consent to participate",cdr,General,Hindu,Male,25,Master's degree,A few times a week,A few times a week,Within the past day,Jharkand,,2894
2020-08-28 05:34:47,2020-08-28 05:37:58,IP Address,59.97.149.127,100,191,True,2020-08-28 05:37:58,R_3sv3gzlxvFkYr6K,,,,,23.3426055908203125,85.309906005859375,anonymous,EN,"Yes, I consent to participate",CDR,General,Other,Male,27,Bachelor's degree,A few times a year,A few times a year,Within the past year,Jharkand,,7489
2020-08-28 05:44:35,2020-08-28 05:48:16,IP Address,157.42.9.113,100,221,True,2020-08-28 05:48:17,R_2ygrC5ZS1M7Fiom,,,,,25.5908050537109375,85.134796142578125,anonymous,EN,"Yes, I consent to participate",cdr,General,Hindu,Female,21,Bachelor's degree,A few times a day,A few times a week,Within the past day,Jharkand,,2036
2020-08-28 06:02:36,2020-08-28 06:08:40,IP Address,47.9.223.188,100,363,True,2020-08-28 06:08:40,R_RKPOjJnEoLneXGV,,,,,25.5908050537109375,85.134796142578125,anonymous,EN,"Yes, I consent to participate",cdr,Other Backward Classes (OBC),Hindu,Female,19,3,A few times a day,A few times a day,Within the past hour,Bihar,,1327
2020-08-29 03:44:25,2020-08-29 03:46:18,IP Address,106.209.203.255,100,112,True,2020-08-29 03:46:18,R_21BAGBuOeHWJwHq,,,,,19.074798583984375,72.8856048583984375,anonymous,EN,"Yes, I consent to participate",cdr,General,Muslim,Female,18,Graduated high school,A few times an hour,A few times a day,Within the past year,Maharashtra,,9523
2020-08-29 03:47:00,2020-08-29 03:48:02,Spam,106.209.203.255,100,62,True,2020-08-29 03:48:03,R_2zucaDfVbf8Beog,,,,,19.074798583984375,72.8856048583984375,anonymous,EN,"Yes, I consent to participate",cdr,General,Muslim,Female,18,Graduated high school,A few times an hour,A few times a day,Within the past year,Maharashtra,,2585
2020-08-29 04:36:01,2020-08-29 04:39:11,IP Address,1.38.216.111,100,189,True,2020-08-29 04:39:11,R_3QLeagvUcPOHR9b,,,,,19.074798583984375,72.8856048583984375,anonymous,EN,"Yes, I consent to participate",cdr,General,Muslim,Female,18,Graduated high school,A few times an hour,A few times a day,Within the past year,Maharashtra,,6482
2020-08-29 05:47:59,2020-08-29 05:56:21,IP Address,106.209.232.74,100,502,True,2020-08-29 05:56:22,R_utb11jVaQ3iRL6F,,,,,19.074798583984375,72.8856048583984375,anonymous,EN,"Yes, I consent to participate",cdr,Scheduled Castes (SC),Muslim,Male,20,Did not graduate high school,A few times an hour,A few times a day,Within the past day,Maharashtra,,2830
2020-08-29 07:33:43,2020-08-29 07:39:42,IP Address,27.61.103.175,100,358,True,2020-08-29 07:39:42,R_ZgcVsLGnaPWnhQd,,,,,23.3426055908203125,85.309906005859375,anonymous,EN,"Yes, I consent to participate",cdr,Other Backward Classes (OBC),Hindu,Female,23,Master's degree,A few times a day,A few times a day,Within the past hour,Jharkand,,6015
2020-08-30 23:58:44,2020-08-31 00:01:44,IP Address,106.210.101.71,100,180,True,2020-08-31 00:01:44,R_3fZeSEmCPPW2QiU,,,,,28.6519012451171875,77.23150634765625,anonymous,EN,"Yes, I consent to participate",cdr,General,Christian,Female,21,Bachelor's degree,A few times a month,A few times a month,Within the past week,Delhi,,1383
2020-08-31 00:04:02,2020-08-31 00:06:39,IP Address,122.173.189.82,100,156,True,2020-08-31 00:06:39,R_1IXB7wGsinbGxAN,,,,,30.7324066162109375,76.795013427734375,anonymous,EN,"Yes, I consent to participate",cdr,General,Hindu,Female,68,Master's degree,A few times a week,A few times a week,Within the past week,Chandigarh,,8573
2020-08-31 00:11:47,2020-08-31 00:14:35,Spam,122.173.189.82,100,168,True,2020-08-31 00:14:35,R_1QFOT4QAkZpYBci,,,,,30.7324066162109375,76.795013427734375,anonymous,EN,"Yes, I consent to participate",cdr,General,Hindu,Female,68,Master's degree,A few times a week,A few times a week,Within the past week,Chandigarh,,6045
2020-08-31 00:08:59,2020-08-31 00:37:44,IP Address,47.9.227.252,100,1725,True,2020-08-31 00:37:45,R_aXooi5ekmtIK19f,,,,,25.5908050537109375,85.134796142578125,anonymous,EN,"No, I do not consent to participate",,,,,,,,,,,,
2020-08-31 00:39:49,2020-08-31 00:42:04,IP Address,47.9.227.252,100,135,True,2020-08-31 00:42:05,R_2w7DY0TqjbcVlfm,,,,,25.5908050537109375,85.134796142578125,anonymous,EN,"Yes, I consent to participate",CDR,General,Hindu,Male,22,Bachelor's degree,A few times a week,A few times a day,Within the past day,Delhi,,1797
2020-08-31 00:08:59,2020-08-31 01:06:12,IP Address,47.9.227.252,100,3433,True,2020-08-31 01:06:13,R_elN9MJWxLf28wYF,,,,,25.5908050537109375,85.134796142578125,anonymous,EN,"No, I do not consent to participate",,,,,,,,,,,,
2020-08-31 01:58:54,2020-08-31 02:05:38,IP Address,103.79.169.227,100,403,True,2020-08-31 02:05:38,R_1MQc1iyqyMvKlco,,,,,28.6327056884765625,77.21978759765625,anonymous,EN,"Yes, I consent to participate",cdr,General,Muslim,Male,29,Master's degree,A few times a week,A few times a month,Within the past day,Uttar Pradesh,,3900
2020-08-31 03:00:32,2020-08-31 03:01:59,IP Address,122.173.189.82,100,86,True,2020-08-31 03:01:59,R_2QE8T5BNQZtxUZv,,,,,30.7324066162109375,76.795013427734375,anonymous,EN,"Yes, I consent to participate",cdr,General,Hindu,Female,33,Master's degree,A few times a week,A few times a week,Within the past week,Chandigarh,,6141
2020-08-17 03:53:07,2020-08-24 03:02:00,IP Address,49.36.8.55,9,601732,False,2020-08-31 03:02:05,R_wXXuvNPpbnx1U4N,,,,,,,anonymous,EN,"Yes, I consent to participate",,,,,,,,,,,,7418
2020-08-31 03:03:06,2020-08-31 03:07:04,IP Address,125.99.192.195,100,238,True,2020-08-31 03:07:04,R_3DpCWEIp1fn2IMe,,,,,28.6327056884765625,77.21978759765625,anonymous,EN,"Yes, I consent to participate",cdr,General,Hindu,Female,23,Bachelor's degree,A few times a week,A few times a week,Within the past day,Delhi,,4697
2020-08-31 05:29:38,2020-08-31 05:34:37,IP Address,27.60.238.222,100,299,True,2020-08-31 05:34:38,R_sLOuZSSZmBzPGwh,,,,,23.3426055908203125,85.309906005859375,anonymous,EN,"Yes, I consent to participate",cdr,General,Hindu,Female,20,Currently in a diploma or bachelor's program,A few times a day,A few times a month,Within the past day,Jharkand,,7780
2020-08-31 05:34:33,2020-08-31 05:38:01,IP Address,106.207.59.151,100,208,True,2020-08-31 05:38:02,R_vCXgnq0Mho4wqTT,,,,,25.5908050537109375,85.134796142578125,anonymous,EN,"Yes, I consent to participate",CDR,Other Backward Classes (OBC),Hindu,Female,23,Bachelor's degree,A few times an hour,A few times an hour,Within the past hour,Jharkand,,3607
2020-08-31 05:47:18,2020-08-31 05:49:39,IP Address,106.193.85.25,100,140,True,2020-08-31 05:49:39,R_1MQgMUayJd7v1oC,,,,,18.5196075439453125,73.8553924560546875,anonymous,EN,"Yes, I consent to participate",cdr,Other Backward Classes (OBC),Hindu,Male,27,Master's degree,A few times a day,A few times a week,Within the past day,Maharashtra,,8850
2020-08-31 22:30:10,2020-08-31 22:33:47,IP Address,27.61.98.233,100,217,True,2020-08-31 22:33:47,R_2zj1OFp8K9z7bDk,,,,,23.3426055908203125,85.309906005859375,anonymous,EN,"Yes, I consent to participate",cdr,General,Hindu,Female,24,Bachelor's degree,A few times a day,A few times a week,Within the past day,Jharkand,,9945
2020-08-31 22:36:13,2020-08-31 22:38:36,IP Address,45.127.44.94,100,142,True,2020-08-31 22:38:36,R_d0DUV4iMNZNdJ1T,,,,,19.074798583984375,72.8856048583984375,anonymous,EN,"Yes, I consent to participate",cdr,Other Backward Classes (OBC),Hindu,Female,22,Bachelor's degree,A few times a week,A few times a month,Within the past week,Rajasthan,,4593
2020-08-31 22:38:13,2020-08-31 22:44:57,IP Address,141.0.8.79,100,404,True,2020-08-31 22:44:57,R_2ZPTUSDKT57Yeax,,,,,35,105,anonymous,EN,"Yes, I consent to participate",cdr,General,Hindu,Male,50,Graduated high school,A few times a month,A few times a month,Within the past month,Delhi,,1931
2020-09-01 00:03:18,2020-09-01 00:07:03,IP Address,117.97.229.185,100,225,True,2020-09-01 00:07:03,R_10JHQ1bm1qb2vFN,,,,,28.6519012451171875,77.23150634765625,anonymous,EN,"Yes, I consent to participate",CDR,General,Hindu,Female,20,Currently in a diploma or bachelor's program,A few times a week,A few times a month,Within the past hour,Delhi,,4471
2020-09-01 00:04:24,2020-09-01 00:08:19,IP Address,122.162.18.129,100,234,True,2020-09-01 00:08:19,R_2dhUGP9CvKCcybG,,,,,28.6519012451171875,77.23150634765625,anonymous,EN,"Yes, I consent to participate",cdr,General,Hindu,Female,35,Master's degree,A few times a day,A few times a day,Within the past day,Uttarakhand,,1723
2020-09-01 01:32:27,2020-09-01 01:36:28,IP Address,116.74.36.122,100,240,True,2020-09-01 01:36:28,R_WAsbu8348hBBgtz,,,,,28.6327056884765625,77.21978759765625,anonymous,EN,"Yes, I consent to participate",cdr,General,Hindu,Male,20,Graduated high school,A few times an hour,A few times an hour,Within the past hour,Bihar,,4945
2020-09-01 01:42:09,2020-09-01 01:47:47,IP Address,103.61.113.254,100,337,True,2020-09-01 01:47:47,R_10NSc5BqrPzPrsE,,,,,26.76629638671875,83.368896484375,anonymous,EN,"Yes, I consent to participate",CDR,General,Hindu,Female,21,Professional degree,A few times a month,A few times a month,Within the past week,Uttar Pradesh,,7764
2020-09-01 01:45:40,2020-09-01 01:53:55,IP Address,106.215.165.245,100,495,True,2020-09-01 01:53:55,R_O8omFjU57GyFUvT,,,,,30.3220062255859375,78.029998779296875,anonymous,EN,"Yes, I consent to participate",cdr,General,Hindu,Female,35,Professional degree,A few times a week,A few times a week,Within the past day,Uttarakhand,,4104
2020-09-01 02:58:42,2020-09-01 03:01:25,IP Address,103.26.57.249,100,163,True,2020-09-01 03:01:26,R_WoLryN8JkEbx1Kx,,,,,19.2014007568359375,72.9680023193359375,anonymous,EN,"Yes, I consent to participate",cdr,General,Hindu,Male,19,Currently in a diploma or bachelor's program,Never,A few times a month,Within the past month,Maharashtra,,4833
2020-09-01 02:59:39,2020-09-01 03:02:22,IP Address,106.210.38.231,100,162,True,2020-09-01 03:02:22,R_2rpurch5fzxtvEE,,,,,28.6519012451171875,77.23150634765625,anonymous,EN,"Yes, I consent to participate",cdr,General,Hindu,Male,35,Master's degree,A few times a day,A few times a week,Within the past hour,West Bengal,,9470
2020-09-01 03:02:41,2020-09-01 03:06:39,IP Address,47.9.251.238,100,238,True,2020-09-01 03:06:40,R_1roVfLoBKiaefsm,,,,,25.5908050537109375,85.134796142578125,anonymous,EN,"Yes, I consent to participate",cdr,Other Backward Classes (OBC),Hindu,Male,22,Graduated high school,A few times a week,A few times a month,Within the past week,Jharkand,,1869
2020-09-01 03:08:17,2020-09-01 03:11:26,IP Address,47.31.14.141,100,188,True,2020-09-01 03:11:26,R_1MXNr9iNrO7LWD2,,,,,28.6519012451171875,77.23150634765625,anonymous,EN,"Yes, I consent to participate",cdr,General,Hindu,Male,20,Graduated high school,A few times an hour,A few times an hour,Within the past hour,Uttar Pradesh,,5980
2020-08-25 03:13:47,2020-08-25 03:15:28,IP Address,175.100.178.4,8,101,False,2020-09-01 03:15:42,R_2CIh0VhakTWozYn,,,,,,,anonymous,EN,"Yes, I consent to participate",,,,,,,,,,,,6395
2020-08-25 04:38:21,2020-08-25 04:46:43,IP Address,49.35.32.123,8,502,False,2020-09-01 04:46:46,R_3dRm7rSRh9EnGuF,,,,,,,anonymous,EN,"Yes, I consent to participate",,,,,,,,,,,,3881
2020-09-01 05:25:18,2020-09-01 05:29:32,IP Address,47.9.193.165,100,253,True,2020-09-01 05:29:32,R_3EjaPOdDA8UVU1U,,,,,25.5908050537109375,85.134796142578125,anonymous,EN,"Yes, I consent to participate",cdr,General,Hindu,Male,24,Master's degree,A few times a day,A few times a day,Within the past hour,Jharkand,,3006
2020-09-01 05:45:00,2020-09-01 05:51:04,IP Address,157.43.238.195,100,364,True,2020-09-01 05:51:05,R_1il166NIKeHThXL,,,,,22.5626068115234375,88.363006591796875,anonymous,EN,"Yes, I consent to participate",CDR,General,Hindu,Male,21,Bachelor's degree,A few times a day,A few times a week,Within the past hour,Bihar,,5845
2020-09-01 22:32:13,2020-09-01 22:37:06,IP Address,203.122.48.42,100,293,True,2020-09-01 22:37:07,R_25GGUv5g6ZWKkZd,,,,,28.6327056884765625,77.21978759765625,anonymous,EN,"Yes, I consent to participate",cdr,General,Hindu,Male,35,Master's degree,A few times an hour,A few times an hour,Within the past hour,Delhi,,4164
2020-09-01 23:48:37,2020-09-01 23:50:16,IP Address,47.29.97.215,100,99,True,2020-09-01 23:50:16,R_QogCHei79R7IHn3,,,,,25.5908050537109375,85.134796142578125,anonymous,EN,"Yes, I consent to participate",CDR,General,Hindu,Male,22,Bachelor's degree,Never,Never,Within the past month,Delhi,,6135
2020-09-02 00:03:23,2020-09-02 00:09:05,IP Address,157.42.183.18,100,342,True,2020-09-02 00:09:05,R_3dM4lgFperxfbxQ,,,,,25.5908050537109375,85.134796142578125,anonymous,EN,"Yes, I consent to participate",cdr,Other Backward Classes (OBC),Hindu,Female,23,Professional degree,A few times an hour,A few times an hour,Within the past hour,Jharkand,,1117
2020-09-02 00:18:35,2020-09-02 00:23:13,IP Address,157.35.236.238,100,277,True,2020-09-02 00:23:13,R_1IlWdm4EMriF9Gg,,,,,23.3426055908203125,85.309906005859375,anonymous,EN,"Yes, I consent to participate",cdr,General,Hindu,Female,24,Master's degree,A few times a day,A few times a day,Within the past day,Jharkand,,8920
2020-09-02 01:31:30,2020-09-02 01:33:47,IP Address,106.208.195.127,100,136,True,2020-09-02 01:33:47,R_33seMferpGhXwy1,,,,,23.3426055908203125,85.309906005859375,anonymous,EN,"Yes, I consent to participate",cdr,Scheduled Tribes (ST),Christian,Female,23,Bachelor's degree,A few times a day,A few times a month,Within the past hour,Jharkand,,6532
2020-09-02 01:35:43,2020-09-02 01:44:11,IP Address,157.42.53.161,100,508,True,2020-09-02 01:44:11,R_2RPbk5rfsOGPUxl,,,,,25.5908050537109375,85.134796142578125,anonymous,EN,"Yes, I consent to participate",CDR,Scheduled Tribes (ST),Hindu,Female,21,Bachelor's degree,A few times a week,A few times a week,Within the past week,Jharkand,,5854
2020-09-02 01:44:47,2020-09-02 01:47:41,IP Address,103.210.144.131,100,173,True,2020-09-02 01:47:41,R_3oTJ4hEcquSiQGq,,,,,19.074798583984375,72.8856048583984375,anonymous,EN,"Yes, I consent to participate",cdr,General,Muslim,Male,19,Currently in a diploma or bachelor's program,A few times an hour,A few times an hour,Within the past hour,Maharashtra,,6025
2020-08-26 02:38:49,2020-08-26 02:41:36,IP Address,112.79.76.81,8,166,False,2020-09-02 02:41:41,R_1hGX1u86VX33slE,,,,,,,anonymous,EN,"Yes, I consent to participate",,,,,,,,,,,,2290
2020-09-02 02:48:50,2020-09-02 02:52:43,IP Address,45.118.159.184,100,232,True,2020-09-02 02:52:43,R_24OXEWhqrfJIDyI,,,,,28.6519012451171875,77.23150634765625,anonymous,EN,"Yes, I consent to participate",CDR,General,Hindu,Male,20,Bachelor's degree,A few times a day,A few times a day,Within the past day,Haryana,,4152
2020-09-02 03:02:56,2020-09-02 03:07:21,IP Address,47.9.250.142,100,265,True,2020-09-02 03:07:21,R_31jcem7xCdWY7ke,,,,,25.5908050537109375,85.134796142578125,anonymous,EN,"Yes, I consent to participate",cdr,General,Hindu,Female,21,Bachelor's degree,A few times a day,A few times a week,Within the past day,Jharkand,,5043
2020-09-02 04:31:51,2020-09-02 04:33:41,IP Address,150.129.177.183,100,109,True,2020-09-02 04:33:41,R_AclF8tTGn8KBZJv,,,,,23.6833038330078125,86.983306884765625,anonymous,EN,"Yes, I consent to participate",cdr,General,Hindu,Male,26,Master's degree,A few times an hour,A few times an hour,Within the past hour,Jharkand,,7000
2020-09-02 04:36:44,2020-09-02 04:38:42,IP Address,47.9.218.181,100,118,True,2020-09-02 04:38:43,R_2VvuN2aZjIMh7rQ,,,,,25.5908050537109375,85.134796142578125,anonymous,EN,"Yes, I consent to participate",cdr,General,Hindu,Male,26,Bachelor's degree,A few times a week,A few times a week,Within the past hour,Jharkand,,1397
2020-09-02 04:37:40,2020-09-02 04:41:07,IP Address,223.225.106.94,100,206,True,2020-09-02 04:41:07,R_20M60dQ6lY4jDid,,,,,28.6519012451171875,77.23150634765625,anonymous,EN,"Yes, I consent to participate",CDR,General,Hindu,Female,55,Diploma,A few times a week,A few times a month,Within the past day,Delhi,,3328
2020-09-02 05:32:03,2020-09-02 05:34:10,IP Address,157.42.27.233,100,126,True,2020-09-02 05:34:10,R_2PbxcxAR4x1LI0M,,,,,25.5908050537109375,85.134796142578125,anonymous,EN,"Yes, I consent to participate",cdr,General,Hindu,Male,22,Bachelor's degree,A few times an hour,A few times a day,Within the past hour,Bihar,,4874
2020-09-02 06:04:09,2020-09-02 06:07:10,IP Address,223.225.106.94,100,181,True,2020-09-02 06:07:11,R_3PZw0ctXEVAeKu7,,,,,28.6519012451171875,77.23150634765625,anonymous,EN,"Yes, I consent to participate",CDR,General,Hindu,Male,20,Currently in a diploma or bachelor's program,A few times a day,A few times a week,Within the past hour,Delhi,,9635
2020-09-02 06:03:44,2020-09-02 06:08:17,IP Address,122.161.73.24,100,273,True,2020-09-02 06:08:17,R_2rIbnZQ5aRNoJDj,,,,,28.6327056884765625,77.21978759765625,anonymous,EN,"Yes, I consent to participate",cdr,General,Hindu,Male,32,Bachelor's degree,A few times a week,A few times a week,Within the past day,Uttar Pradesh,,8801
2020-09-02 06:20:19,2020-09-02 06:23:31,IP Address,152.56.157.130,100,192,True,2020-09-02 06:23:32,R_3PaxMD1ciKGePTt,,,,,25.5908050537109375,85.134796142578125,anonymous,EN,"Yes, I consent to participate",CDR,Scheduled Castes (SC),Hindu,Male,24,Bachelor's degree,A few times a day,A few times a day,Within the past day,Jharkand,,1471
2020-08-27 05:34:59,2020-09-02 23:03:18,IP Address,157.42.22.109,100,581299,True,2020-09-02 23:03:18,R_3HTZDYHL5PBaJL7,,,,,25.5908050537109375,85.134796142578125,anonymous,EN,"Yes, I consent to participate",cdr,General,Hindu,Female,22,Master's degree,A few times a day,A few times a week,Within the past day,Jharkand,,3312
2020-09-03 00:01:55,2020-09-03 00:04:17,IP Address,116.74.36.69,100,142,True,2020-09-03 00:04:18,R_UrywQFDQL9EvIvn,,,,,28.6327056884765625,77.21978759765625,anonymous,EN,"Yes, I consent to participate",cdr,General,Hindu,Male,20,Graduated high school,A few times an hour,A few times an hour,Within the past hour,Delhi,,9862
2020-09-03 00:38:26,2020-09-03 00:40:04,IP Address,49.206.14.247,100,98,True,2020-09-03 00:40:04,R_RgzLgzxW4t9PQ1b,,,,,12.971893310546875,77.59368896484375,anonymous,EN,"Yes, I consent to participate",CDR,General,Hindu,Female,41,Master's degree,A few times an hour,A few times an hour,Within the past hour,Chandigarh,,8977
2020-09-03 01:36:23,2020-09-03 01:42:17,IP Address,103.95.82.112,100,354,True,2020-09-03 01:42:17,R_6x6hFrRQrWL1fQR,,,,,28.6327056884765625,77.21978759765625,anonymous,EN,"Yes, I consent to participate",CDR,General,Hindu,Male,19,Currently in a diploma or bachelor's program,A few times a day,A few times a day,Within the past hour,Delhi,,9709
2020-09-03 03:03:56,2020-09-03 03:05:44,IP Address,47.30.208.208,100,107,True,2020-09-03 03:05:44,R_1fd7vDYm9nMNjYZ,,,,,28.6519012451171875,77.23150634765625,anonymous,EN,"Yes, I consent to participate",cdr,General,Hindu,Male,20,Currently in a diploma or bachelor's program,A few times a day,A few times a week,Within the past year,Delhi,,3287
2020-09-03 03:09:47,2020-09-03 03:15:18,IP Address,27.61.97.168,100,331,True,2020-09-03 03:15:19,R_3NOHmJMsSRexrha,,,,,23.3426055908203125,85.309906005859375,anonymous,EN,"Yes, I consent to participate",CDR,General,Hindu,Female,22,Bachelor's degree,A few times a day,A few times a day,Within the past hour,Jharkand,,3344
2020-09-03 04:31:03,2020-09-03 04:32:59,IP Address,157.33.216.71,100,116,True,2020-09-03 04:33:00,R_3FXp1z41YU31rUI,,,,,18.5196075439453125,73.8553924560546875,anonymous,EN,"Yes, I consent to participate",CDR,General,Hindu,Male,20,Currently in a diploma or bachelor's program,A few times a week,A few times a week,Within the past hour,Goa,,2619
2020-09-03 04:32:23,2020-09-03 04:40:37,IP Address,152.56.154.58,100,493,True,2020-09-03 04:40:37,R_3ffWJhsERVYuUt2,,,,,25.5908050537109375,85.134796142578125,anonymous,EN,"Yes, I consent to participate",CDR,Other Backward Classes (OBC),Muslim,Female,21,Bachelor's degree,A few times a day,A few times a month,Within the past hour,Jharkand,,7902
2020-09-03 06:01:46,2020-09-03 06:06:18,IP Address,47.29.105.198,100,271,True,2020-09-03 06:06:18,R_e3WpQmqU14A0tkB,,,,,25.5908050537109375,85.134796142578125,anonymous,EN,"Yes, I consent to participate",cdr,Other Backward Classes (OBC),Hindu,Male,21,Graduated high school,A few times a day,A few times a day,Within the past hour,Jharkand,,6142
2020-08-27 22:30:29,2020-08-27 22:30:56,IP Address,106.206.114.78,8,27,False,2020-09-03 22:31:02,R_3nHpeddxQMDhkD9,,,,,,,anonymous,EN,"Yes, I consent to participate",,,,,,,,,,,,4784
2020-08-27 23:01:54,2020-08-27 23:05:46,IP Address,49.205.224.95,8,231,False,2020-09-03 23:06:07,R_2uJMoGY54cAPQqs,,,,,,,anonymous,EN,"Yes, I consent to participate",,,,,,,,,,,,1931
2020-08-27 23:06:32,2020-08-27 23:13:55,Spam,49.205.224.95,8,442,False,2020-09-03 23:14:20,R_2Ra0VzEm9lKrW8C,,,,,,,anonymous,EN,"Yes, I consent to participate",,,,,,,,,,,,5988
2020-09-03 23:30:10,2020-09-03 23:33:48,IP Address,122.179.47.32,100,218,True,2020-09-03 23:33:49,R_3KOfsocyrTPqeYi,,,,,12.971893310546875,77.59368896484375,anonymous,EN,"Yes, I consent to participate",cdr,General,Hindu,Male,34,Master's degree,A few times a month,A few times a year,Within the past week,Karnataka,,1128
2020-09-03 23:47:30,2020-09-03 23:56:18,IP Address,203.122.48.42,100,527,True,2020-09-03 23:56:18,R_2aG1gbytgTBPT8f,,,,,28.6327056884765625,77.21978759765625,anonymous,EN,"Yes, I consent to participate",CDR,General,Hindu,Male,30,Master's degree,A few times a day,A few times a day,Within the past day,Bihar,,8215
2020-09-04 01:01:30,2020-09-04 01:06:27,IP Address,47.29.105.193,100,297,True,2020-09-04 01:06:28,R_3eeELmSr5zru7li,,,,,25.5908050537109375,85.134796142578125,anonymous,EN,"Yes, I consent to participate",cdr,Scheduled Castes (SC),Hindu,Male,25,Bachelor's degree,A few times a day,A few times a day,Within the past hour,Jharkand,,1749
2020-09-04 01:30:23,2020-09-04 01:32:59,IP Address,122.171.168.95,100,156,True,2020-09-04 01:33:00,R_9ubULBb1UPGDbA5,,,,,12.971893310546875,77.59368896484375,anonymous,EN,"Yes, I consent to participate",cdr,General,Hindu,Female,19,Currently in a diploma or bachelor's program,A few times a week,A few times a month,Within the past hour,Karnataka,,8465
2020-09-04 01:31:29,2020-09-04 01:33:30,IP Address,36.255.228.101,100,121,True,2020-09-04 01:33:31,R_1hJWANZAPUKIEr3,,,,,26.83929443359375,80.923095703125,anonymous,EN,"Yes, I consent to participate",CDR,General,Hindu,Male,18,Currently in a diploma or bachelor's program,A few times a day,A few times a week,Within the past hour,Uttar Pradesh,,1174
2020-09-04 01:41:01,2020-09-04 01:43:04,IP Address,103.211.54.1,100,122,True,2020-09-04 01:43:05,R_110JuPqZDo6Op0y,,,,,28.6327056884765625,77.21978759765625,anonymous,EN,"Yes, I consent to participate",cdr,General,Other,Male,25,Master's degree,A few times a week,A few times a week,Within the past week,Rajasthan,,9684
2020-09-04 03:00:53,2020-09-04 03:02:48,IP Address,182.70.132.12,100,114,True,2020-09-04 03:02:48,R_2SwBrKM6jJyqOWN,,,,,23.25469970703125,77.40289306640625,anonymous,EN,"Yes, I consent to participate",cdr,General,Hindu,Female,19,Graduated high school,A few times a day,A few times a week,Within the past day,Madhya Pradesh,,8455
2020-09-04 02:59:40,2020-09-04 03:03:07,IP Address,122.162.37.24,100,207,True,2020-09-04 03:03:07,R_2Bz0GbEGdKFePoE,,,,,28.6519012451171875,77.23150634765625,anonymous,EN,"Yes, I consent to participate",cdr,General,Hindu,Male,40,Bachelor's degree,A few times a week,A few times a week,Within the past hour,Delhi,,6871
2020-09-04 03:03:06,2020-09-04 03:05:55,IP Address,14.102.188.74,100,168,True,2020-09-04 03:05:55,R_1GIWQm8EXr162HK,,,,,28.41119384765625,77.313201904296875,anonymous,EN,"Yes, I consent to participate",cdr,General,Hindu,Male,18,Currently in a diploma or bachelor's program,A few times a month,A few times a year,Within the past week,Haryana,,6454
2020-09-04 03:00:58,2020-09-04 03:41:37,IP Address,49.37.14.168,100,2438,True,2020-09-04 03:41:37,R_z76vlQ2SxVgmM5b,,,,,22.5626068115234375,88.363006591796875,anonymous,EN,"Yes, I consent to participate",cdr,General,Hindu,Male,18,Graduated high school,A few times a day,A few times a week,Within the past day,West Bengal,,6483
2020-09-04 04:11:47,2020-09-04 04:14:26,IP Address,106.212.152.187,100,159,True,2020-09-04 04:14:27,R_1IKTyty1WGbKlU5,,,,,28.41119384765625,77.313201904296875,anonymous,EN,"Yes, I consent to participate",CDR,General,Hindu,Female,20,Graduated high school,A few times a week,A few times a week,Within the past day,Odisha,,5549
2020-09-04 04:36:35,2020-09-04 04:38:42,IP Address,119.82.118.120,100,127,True,2020-09-04 04:38:43,R_7V5gpi1Ig2IFQid,,,,,13.087799072265625,80.27850341796875,anonymous,EN,"Yes, I consent to participate",CDR,General,Hindu,Male,19,Currently in a diploma or bachelor's program,A few times a day,A few times a year,Within the past day,Tamil Nadu,,2533
2020-09-04 04:35:17,2020-09-04 04:39:13,IP Address,157.42.113.232,100,235,True,2020-09-04 04:39:13,R_1gpvOTCGbK98H5q,,,,,25.5908050537109375,85.134796142578125,anonymous,EN,"Yes, I consent to participate",cdr,General,Hindu,Female,24,Bachelor's degree,A few times a month,A few times a month,Within the past day,Jharkand,,8763
2020-09-04 05:02:00,2020-09-04 05:07:46,IP Address,45.248.29.14,100,346,True,2020-09-04 05:07:46,R_r9zgoYLe7aKMBZT,,,,,28.6327056884765625,77.21978759765625,anonymous,EN,"Yes, I consent to participate",CDR,General,Hindu,Male,20,Currently in a diploma or bachelor's program,A few times a day,A few times a day,Within the past hour,Delhi,,1219
2020-09-04 06:02:32,2020-09-04 06:04:51,IP Address,157.34.92.128,100,138,True,2020-09-04 06:04:51,R_1In08STs7xJa5oe,,,,,22.7165069580078125,75.8307037353515625,anonymous,EN,"Yes, I consent to participate",cdr,General,Hindu,Male,24,Master's degree,A few times a month,A few times a month,Within the past month,Chhatisgarh,,9915
2020-09-04 06:04:35,2020-09-04 06:07:37,IP Address,42.110.151.255,100,181,True,2020-09-04 06:07:37,R_2eUXH3nqfCMgDTE,,,,,22.5626068115234375,88.363006591796875,anonymous,EN,"Yes, I consent to participate",cdr,General,Christian,Female,24,Master's degree,A few times a day,A few times a day,Within the past hour,Jharkand,,2540
2020-09-05 00:32:16,2020-09-05 00:36:05,IP Address,45.118.159.184,100,229,True,2020-09-05 00:36:05,R_svDVTll7y7tptV7,,,,,28.6519012451171875,77.23150634765625,anonymous,EN,"Yes, I consent to participate",cdr,General,Hindu,Male,23,Bachelor's degree,A few times a week,A few times a week,Within the past hour,Haryana,,5739
2020-09-05 00:57:44,2020-09-05 01:01:05,IP Address,47.9.199.243,100,201,True,2020-09-05 01:01:06,R_ZIhrVcw8mP38Zmp,,,,,25.5908050537109375,85.134796142578125,anonymous,EN,"Yes, I consent to participate",CDR,General,Hindu,Male,21,Graduated high school,A few times a day,A few times an hour,Within the past hour,Bihar,,2088
2020-09-05 02:41:13,2020-09-05 02:48:13,IP Address,223.228.246.122,100,420,True,2020-09-05 02:48:14,R_eo0E5VtCg15T1oB,,,,,24.8809051513671875,86.922607421875,anonymous,EN,"Yes, I consent to participate",cdr,Other Backward Classes (OBC),Hindu,Female,22,Bachelor's degree,A few times a day,A few times a day,Within the past year,Bihar,,3740
2020-09-05 05:36:43,2020-09-05 05:39:35,IP Address,106.208.196.244,100,171,True,2020-09-05 05:39:35,R_1pX0LYjMAZfLnHp,,,,,23.3426055908203125,85.309906005859375,anonymous,EN,"Yes, I consent to participate",cdr,Other Backward Classes (OBC),Hindu,Female,20,Bachelor's degree,A few times a day,A few times a day,Within the past hour,Jharkand,,9409
2020-09-05 06:04:35,2020-09-05 06:08:48,IP Address,47.29.125.42,100,253,True,2020-09-05 06:08:49,R_3PHot0RIxDpDQ79,,,,,25.5908050537109375,85.134796142578125,anonymous,EN,"Yes, I consent to participate",cdr,General,Hindu,Female,27,Bachelor's degree,A few times a week,A few times a week,Within the past week,Jharkand,,9806
2020-09-06 00:03:52,2020-09-06 00:05:28,IP Address,157.42.28.36,100,96,True,2020-09-06 00:05:29,R_3rUKcJrY6ziHBOv,,,,,25.5908050537109375,85.134796142578125,anonymous,EN,"Yes, I consent to participate",cdr,General,Hindu,Female,24,Professional degree,A few times a day,A few times a day,Within the past day,Jharkand,,6986
2020-09-06 01:10:11,2020-09-06 01:12:05,IP Address,157.35.241.198,100,114,True,2020-09-06 01:12:06,R_PwESROzG1UmSZvb,,,,,25.5908050537109375,85.134796142578125,anonymous,EN,"Yes, I consent to participate",cdr,Other Backward Classes (OBC),Hindu,Male,18,Bachelor's degree,A few times a month,A few times a month,Within the past hour,Jharkand,,1325
2020-09-06 22:33:29,2020-09-06 22:36:22,IP Address,106.207.7.250,100,172,True,2020-09-06 22:36:22,R_2DSVfrt9bvnDqBb,,,,,25.5908050537109375,85.134796142578125,anonymous,EN,"Yes, I consent to participate",cdr,General,Hindu,Non-binary,22,Currently in a diploma or bachelor's program,A few times a day,A few times a day,Within the past hour,Jharkand,,9699
2020-09-06 22:41:45,2020-09-06 22:47:29,IP Address,49.37.199.33,100,343,True,2020-09-06 22:47:29,R_2duv1lQSngUU5PA,,,,,12.971893310546875,77.59368896484375,anonymous,EN,"Yes, I consent to participate",cdr,General,Muslim,Female,18,Currently in a diploma or bachelor's program,A few times a month,A few times a year,Within the past week,Jammu & Kashmir,,9841
2020-09-07 00:02:18,2020-09-07 00:05:37,IP Address,157.36.96.84,100,198,True,2020-09-07 00:05:37,R_2y7V1LMhqUxnBPD,,,,,28.896392822265625,76.590911865234375,anonymous,EN,"Yes, I consent to participate",cdr,General,Hindu,Male,19,Graduated high school,A few times a day,A few times a day,Within the past hour,Haryana,,9666
2020-09-07 00:07:23,2020-09-07 00:11:00,IP Address,157.49.154.253,100,217,True,2020-09-07 00:11:00,R_6Fr9kubw5yTerVT,,,,,12.971893310546875,77.59368896484375,anonymous,EN,"Yes, I consent to participate",CDR,General,Hindu,Female,18,Currently in a diploma or bachelor's program,A few times a week,A few times a year,Within the past week,Uttar Pradesh,,1678
2020-08-31 00:38:35,2020-08-31 00:40:03,IP Address,111.91.105.50,25,87,False,2020-09-07 00:40:35,R_30bB9tarJTf5vYs,,,,,,,anonymous,EN,"Yes, I consent to participate",cdr,General,,,,,,,,,,5695
2020-09-07 01:32:35,2020-09-07 01:36:05,IP Address,122.163.192.32,100,210,True,2020-09-07 01:36:07,R_2eWi5FNzCx9DisJ,,,,,26.83929443359375,80.923095703125,anonymous,EN,"Yes, I consent to participate",cdr,General,Hindu,Female,18,Graduated high school,A few times a week,A few times a month,Within the past day,Uttar Pradesh,,1778
2020-09-07 01:31:04,2020-09-07 01:36:25,IP Address,49.207.217.167,100,320,True,2020-09-07 01:36:25,R_2SDGyIwpbRHHADV,,,,,12.971893310546875,77.59368896484375,anonymous,EN,"Yes, I consent to participate",cdr,General,Hindu,Female,19,Currently in a diploma or bachelor's program,A few times a month,A few times a year,Within the past week,Karnataka,,5420
2020-09-07 03:02:39,2020-09-07 03:08:11,IP Address,182.64.107.197,100,332,True,2020-09-07 03:08:12,R_4GyJIxjVCosvK3T,,,,,28.6519012451171875,77.23150634765625,anonymous,EN,"Yes, I consent to participate",CDR,General,Hindu,Non-binary,19,Currently in a diploma or bachelor's program,A few times a month,Never,Within the past week,Delhi,,9571
2020-09-07 03:05:44,2020-09-07 03:08:13,IP Address,103.78.137.22,100,149,True,2020-09-07 03:08:13,R_3nV2NXlFH9wXOXa,,,,,19.074798583984375,72.8856048583984375,anonymous,EN,"Yes, I consent to participate",cdr,General,Muslim,Female,20,Bachelor's degree,A few times a day,A few times a day,Within the past hour,Maharashtra,,1828
2020-09-07 03:40:48,2020-09-07 03:42:27,IP Address,49.207.204.87,100,99,True,2020-09-07 03:42:28,R_3OqY0g7djyXvJ3l,,,,,12.971893310546875,77.59368896484375,anonymous,EN,"Yes, I consent to participate",cdr,General,Hindu,Male,18,Currently in a diploma or bachelor's program,A few times a week,A few times a week,Within the past day,Karnataka,,9261
2020-09-07 04:32:27,2020-09-07 04:36:09,IP Address,112.79.126.170,100,221,True,2020-09-07 04:36:09,R_VOmKj9xGHpri8LL,,,,,26.83929443359375,80.923095703125,anonymous,EN,"Yes, I consent to participate",cdr,General,Hindu,Male,18,Graduated high school,A few times a week,A few times a month,Within the past hour,Uttar Pradesh,,7798
2020-09-07 06:03:37,2020-09-07 06:07:45,IP Address,157.35.239.99,100,247,True,2020-09-07 06:07:45,R_2UgxybTf7fomvJB,,,,,25.5908050537109375,85.134796142578125,anonymous,EN,"Yes, I consent to participate",cdr,General,Hindu,Male,26,Master's degree,A few times an hour,A few times a day,Within the past hour,West Bengal,,2254
2020-09-07 07:17:21,2020-09-07 07:20:02,IP Address,157.42.105.226,100,161,True,2020-09-07 07:20:03,R_2Tp1lMTb5anKw3u,,,,,25.5908050537109375,85.134796142578125,anonymous,EN,"Yes, I consent to participate",CdR,Other Backward Classes (OBC),Hindu,Male,24,Bachelor's degree,A few times an hour,A few times an hour,Within the past hour,Jharkand,,2688
2020-09-07 22:27:34,2020-09-07 22:30:57,IP Address,122.180.35.23,100,202,True,2020-09-07 22:30:57,R_2TZsGYn06nk3lst,,,,,28.6327056884765625,77.21978759765625,anonymous,EN,"Yes, I consent to participate",cdr,General,Hindu,Male,18,Currently in a diploma or bachelor's program,Never,A few times a year,Within the past month,Delhi,,8970
2020-09-07 22:36:13,2020-09-07 22:38:45,IP Address,1.38.44.91,100,151,True,2020-09-07 22:38:46,R_6fm0eH2rTdyohln,,,,,28.5800018310546875,77.329986572265625,anonymous,EN,"Yes, I consent to participate",CDR,Other Backward Classes (OBC),Christian,Male,19,Currently in a diploma or bachelor's program,A few times a month,A few times a month,Within the past hour,Tamil Nadu,,7731
2020-09-08 01:42:20,2020-09-08 01:46:22,IP Address,47.29.126.214,100,242,True,2020-09-08 01:46:22,R_xloKt1bnfwSZ1Ml,,,,,25.5908050537109375,85.134796142578125,anonymous,EN,"Yes, I consent to participate",cdr,General,Hindu,Male,21,Bachelor's degree,A few times a month,A few times a month,Within the past day,Jharkand,,4400
2020-09-08 03:38:34,2020-09-08 03:40:43,IP Address,157.34.99.242,100,129,True,2020-09-08 03:40:44,R_30osYVEjaMkffv8,,,,,22.7165069580078125,75.8307037353515625,anonymous,EN,"Yes, I consent to participate",cdr,General,Hindu,Male,18,Graduated high school,A few times an hour,A few times a day,Within the past hour,Madhya Pradesh,,3897
2020-09-01 04:18:06,2020-09-01 04:20:04,IP Address,103.79.168.189,33,117,False,2020-09-08 04:20:13,R_Zk6gqjgeM96AP6h,,,,,,,anonymous,EN,"Yes, I consent to participate",CDR,General,Hindu,,,,,,,,,4778
2020-09-08 04:34:06,2020-09-08 04:38:10,IP Address,103.249.89.77,100,244,True,2020-09-08 04:38:11,R_1OpqTXcG7aTVzRJ,,,,,18.5196075439453125,73.8553924560546875,anonymous,EN,"Yes, I consent to participate",cdr,General,Hindu,Male,18,Graduated high school,A few times a week,Never,Within the past week,Maharashtra,,7021
2020-09-08 04:43:31,2020-09-08 04:46:12,IP Address,49.37.13.213,100,161,True,2020-09-08 04:46:13,R_33rPqtAasUbMAwm,,,,,22.5626068115234375,88.363006591796875,anonymous,EN,"Yes, I consent to participate",cdr,General,Hindu,Male,18,Currently in a diploma or bachelor's program,A few times a day,A few times a day,Within the past hour,West Bengal,,7803
2020-09-08 06:02:18,2020-09-08 06:04:42,IP Address,122.161.238.182,100,144,True,2020-09-08 06:04:43,R_3GpKF3ijStng2ua,,,,,28.6327056884765625,77.21978759765625,anonymous,EN,"Yes, I consent to participate",CDR,General,Other,Female,18,Currently in a diploma or bachelor's program,A few times a month,A few times a year,Within the past day,Delhi,,7654
2020-09-08 06:16:41,2020-09-08 06:21:49,IP Address,14.102.17.134,100,307,True,2020-09-08 06:21:49,R_32Ws0F4IF4vZJUT,,,,,26.463104248046875,80.347900390625,anonymous,EN,"Yes, I consent to participate",CDR,General,Hindu,Female,18,Graduated high school,A few times a day,A few times a day,Within the past day,Uttar Pradesh,,8814
2020-09-08 22:43:32,2020-09-08 22:47:00,IP Address,27.56.251.180,100,208,True,2020-09-08 22:47:00,R_daqVE7mMpAABcqt,,,,,23.25469970703125,77.40289306640625,anonymous,EN,"Yes, I consent to participate",cdr,General,Hindu,Female,18,Currently in a diploma or bachelor's program,A few times a month,A few times a year,Within the past day,Madhya Pradesh,,9452
2020-09-09 01:33:37,2020-09-09 01:34:49,IP Address,171.78.208.202,100,71,True,2020-09-09 01:34:50,R_29jiLPfmjkUE2Xn,,,,,28.6519012451171875,77.23150634765625,anonymous,EN,"Yes, I consent to participate",cdr,General,Hindu,Female,23,Currently in a diploma or bachelor's program,A few times an hour,A few times a day,Within the past day,Madhya Pradesh,,1200
2020-09-09 01:33:16,2020-09-09 01:35:26,IP Address,120.59.28.251,100,130,True,2020-09-09 01:35:26,R_6lrd0UgfZ36Fnnb,,,,,28.6327056884765625,77.21978759765625,anonymous,EN,"Yes, I consent to participate",Cdr,General,Hindu,Male,18,Currently in a diploma or bachelor's program,A few times a month,A few times a month,Within the past hour,Other,Indian National,4283
2020-09-09 01:37:41,2020-09-09 01:40:21,IP Address,122.164.242.22,100,160,True,2020-09-09 01:40:21,R_3qdPAYGKcojiv5z,,,,,13.087799072265625,80.27850341796875,anonymous,EN,"Yes, I consent to participate",cdr,General,Other,Male,18,Graduated high school,A few times a year,Never,Within the past day,Tamil Nadu,,4089
2020-09-09 03:03:19,2020-09-09 03:07:04,IP Address,119.82.90.33,100,224,True,2020-09-09 03:07:04,R_1mgRT1cnr14ZSOO,,,,,28.6327056884765625,77.21978759765625,anonymous,EN,"Yes, I consent to participate",CDR,General,Hindu,Female,18,Graduated high school,A few times a week,A few times a month,Within the past day,Uttar Pradesh,,4175
2020-09-09 03:20:49,2020-09-09 03:25:36,IP Address,47.9.246.72,100,287,True,2020-09-09 03:25:36,R_1dt53G5Lk6qrP5s,,,,,25.5908050537109375,85.134796142578125,anonymous,EN,"Yes, I consent to participate",CDR,Other Backward Classes (OBC),Muslim,Male,21,Bachelor's degree,A few times a day,A few times a week,Within the past hour,Jharkand,,8256
2020-09-09 04:24:18,2020-09-09 04:28:39,IP Address,157.42.225.52,100,261,True,2020-09-09 04:28:40,R_z5SiZupwuvnqiZz,,,,,26.1844024658203125,91.74578857421875,anonymous,EN,"Yes, I consent to participate",cdr,Other Backward Classes (OBC),Muslim,Female,20,Currently in a diploma or bachelor's program,A few times a day,A few times a day,Within the past hour,Jharkand,,6528
2020-09-02 04:30:50,2020-09-02 04:35:26,IP Address,47.9.218.181,8,275,False,2020-09-09 04:35:42,R_3L29sRZZ8yeUvXS,,,,,,,anonymous,EN,"Yes, I consent to participate",,,,,,,,,,,,3291
2020-09-09 04:34:25,2020-09-09 04:40:27,IP Address,117.99.160.201,100,362,True,2020-09-09 04:40:27,R_3r1jFD5vWTo54cl,,,,,28.41119384765625,77.313201904296875,anonymous,EN,"Yes, I consent to participate",CDR,General,Hindu,Non-binary,18,Currently in a diploma or bachelor's program,A few times a week,A few times a month,Within the past week,Haryana,,8792
2020-09-09 05:32:26,2020-09-09 05:36:01,IP Address,122.172.183.200,100,215,True,2020-09-09 05:36:02,R_RrkGpSpdQ8dTnz3,,,,,12.971893310546875,77.59368896484375,anonymous,EN,"Yes, I consent to participate",CDR,General,Hindu,Male,18,Currently in a diploma or bachelor's program,A few times a week,A few times a month,Within the past week,Odisha,,8860
2020-09-02 06:06:01,2020-09-02 06:07:27,IP Address,152.56.156.101,8,86,False,2020-09-09 06:07:52,R_27CEmwWEHNOXuXS,,,,,,,anonymous,EN,"Yes, I consent to participate",,,,,,,,,,,,6383
2020-09-09 08:21:28,2020-09-09 08:23:17,IP Address,203.163.239.213,100,109,True,2020-09-09 08:23:17,R_3nHHPuT6Tjx5pWE,,,,,22.5626068115234375,88.363006591796875,anonymous,EN,"Yes, I consent to participate",CDR,General,Hindu,Male,26,Master's degree,A few times a day,A few times a day,Within the past hour,Madhya Pradesh,,6032
2020-09-09 09:02:11,2020-09-09 09:05:24,IP Address,58.84.60.195,100,192,True,2020-09-09 09:05:24,R_8oxI2h3VJVYnxy9,,,,,19.074798583984375,72.8856048583984375,anonymous,EN,"Yes, I consent to participate",cdr,General,Hindu,Female,18,Currently in a diploma or bachelor's program,A few times a month,A few times a month,Within the past month,Maharashtra,,4077
2020-09-09 22:50:12,2020-09-09 22:57:36,IP Address,1.38.220.96,100,444,True,2020-09-09 22:57:37,R_2t2SHSfMgtgNgdu,,,,,19.074798583984375,72.8856048583984375,anonymous,EN,"Yes, I consent to participate",cdr,General,Muslim,Male,24,Diploma,A few times a week,A few times a week,Within the past day,Maharashtra,,8091
2020-09-10 00:06:02,2020-09-10 00:09:11,IP Address,1.38.220.86,100,188,True,2020-09-10 00:09:11,R_2vYplMRNLqYtgWU,,,,,19.074798583984375,72.8856048583984375,anonymous,EN,"No, I do not consent to participate",,,,,,,,,,,,
2020-09-10 00:07:25,2020-09-10 00:15:12,IP Address,49.32.38.77,100,467,True,2020-09-10 00:15:12,R_PCb3bPwx1nJ3BWV,,,,,19.074798583984375,72.8856048583984375,anonymous,EN,"Yes, I consent to participate",cdr,Scheduled Castes (SC),Muslim,Male,26,Master's degree,A few times an hour,A few times a day,Within the past hour,Maharashtra,,8343
2020-09-10 00:28:25,2020-09-10 00:32:28,IP Address,171.51.239.146,100,243,True,2020-09-10 00:32:29,R_SIAtBgXvry901IR,,,,,19.074798583984375,72.8856048583984375,anonymous,EN,"Yes, I consent to participate",CDR,General,Muslim,Male,21,Did not graduate high school,A few times a day,A few times a week,Within the past day,Maharashtra,,7726
2020-09-10 03:07:45,2020-09-10 03:13:56,IP Address,223.189.0.36,100,371,True,2020-09-10 03:13:57,R_3gMxWhcP5l0OMze,,,,,19.074798583984375,72.8856048583984375,anonymous,EN,"Yes, I consent to participate",cdr,General,Muslim,Male,20,Graduated high school,A few times an hour,A few times a day,Within the past year,Maharashtra,,3057
2020-09-10 07:00:42,2020-09-10 07:04:38,IP Address,49.33.184.227,100,236,True,2020-09-10 07:04:39,R_31uWeShwrI05cJ5,,,,,19.074798583984375,72.8856048583984375,anonymous,EN,"Yes, I consent to participate",cdr,Scheduled Castes (SC),Hindu,Male,19,Currently in a diploma or bachelor's program,A few times an hour,A few times an hour,Within the past hour,Maharashtra,,4923
2020-09-10 09:39:40,2020-09-10 09:42:20,IP Address,49.35.0.24,100,159,True,2020-09-10 09:42:20,R_3JDk12LLbcA4ljY,,,,,18.5196075439453125,73.8553924560546875,anonymous,EN,"Yes, I consent to participate",cdr,Scheduled Castes (SC),Hindu,Female,18,Graduated high school,A few times a week,A few times a month,Within the past week,Maharashtra,,6909
2020-09-10 23:01:15,2020-09-10 23:03:54,IP Address,106.51.105.212,100,158,True,2020-09-10 23:03:54,R_24uYZLmsOacHR7u,,,,,12.971893310546875,77.59368896484375,anonymous,EN,"Yes, I consent to participate",cdr,General,Hindu,Male,18,Currently in a diploma or bachelor's program,A few times a month,A few times a month,Within the past month,Karnataka,,1512
2020-09-11 03:08:46,2020-09-11 03:17:34,IP Address,49.32.14.22,100,527,True,2020-09-11 03:17:34,R_2WGf4cOdUhCVIRo,,,,,19.074798583984375,72.8856048583984375,anonymous,EN,"Yes, I consent to participate",cdr,General,Muslim,Male,20,Currently in a diploma or bachelor's program,A few times a day,A few times a day,Within the past week,Maharashtra,,2778
2020-09-11 04:02:48,2020-09-11 04:12:22,IP Address,223.182.168.11,100,574,True,2020-09-11 04:12:23,R_1eXzQqSaY1LfNfH,,,,,19.074798583984375,72.8856048583984375,anonymous,EN,"Yes, I consent to participate",cdr,General,Muslim,Male,21,Currently in a diploma or bachelor's program,Never,A few times a month,Within the past month,Maharashtra,,3771
2020-09-11 06:08:24,2020-09-11 06:14:49,IP Address,103.21.52.170,100,385,True,2020-09-11 06:14:50,R_1gtDBv15vNmA0ac,,,,,22.7165069580078125,75.8307037353515625,anonymous,EN,"Yes, I consent to participate",CDR,General,Muslim,Male,20,Graduated high school,A few times a day,A few times a day,Within the past hour,Maharashtra,,1688
2020-09-13 22:35:22,2020-09-13 22:40:05,IP Address,157.36.30.181,100,282,True,2020-09-13 22:40:05,R_26nYolazwirOLOs,,,,,28.896392822265625,76.590911865234375,anonymous,EN,"Yes, I consent to participate",cdr,Other Backward Classes (OBC),Muslim,Male,30,Graduated high school,A few times a day,A few times a day,Within the past day,Haryana,,9907
2020-09-13 22:58:28,2020-09-13 23:04:16,IP Address,106.192.10.212,100,348,True,2020-09-13 23:04:17,R_300Igyxcb9X4AKd,,,,,30.360992431640625,76.79779052734375,anonymous,EN,"Yes, I consent to participate",CDR,Other Backward Classes (OBC),Muslim,Male,27,Graduated high school,A few times a day,A few times an hour,Within the past day,Haryana,,4792
2020-09-14 00:13:19,2020-09-14 00:20:59,IP Address,47.30.198.222,100,460,True,2020-09-14 00:21:00,R_1Kf1nkwkg8sGuX1,,,,,28.6519012451171875,77.23150634765625,anonymous,EN,"Yes, I consent to participate",CDR,Other Backward Classes (OBC),Muslim,Female,25,Bachelor's degree,A few times a week,A few times a day,Within the past day,Delhi,,4622
2020-09-14 01:34:56,2020-09-14 01:37:55,IP Address,47.31.27.201,100,179,True,2020-09-14 01:37:55,R_yC8jgYIo0p8bcWJ,,,,,28.6519012451171875,77.23150634765625,anonymous,EN,"Yes, I consent to participate",cdr,Other Backward Classes (OBC),Muslim,Male,20,Graduated high school,A few times an hour,A few times a day,Within the past hour,Delhi,,4542
2020-09-14 01:29:13,2020-09-14 01:38:30,IP Address,1.186.168.68,100,556,True,2020-09-14 01:38:30,R_2UWovokJYgBubKQ,,,,,19.03680419921875,73.0157928466796875,anonymous,EN,"Yes, I consent to participate",cdr,General,Muslim,Female,19,Currently in a diploma or bachelor's program,A few times a week,A few times a month,Within the past day,Maharashtra,,8914
2020-09-14 02:58:04,2020-09-14 03:00:16,IP Address,160.19.223.119,100,132,True,2020-09-14 03:00:17,R_viPwZOsZYZEuJON,,,,,19.074798583984375,72.8856048583984375,anonymous,EN,"Yes, I consent to participate",CDR,General,Muslim,Male,28,Master's degree,A few times an hour,A few times an hour,Within the past hour,Maharashtra,,5744
2020-09-14 03:09:16,2020-09-14 03:16:27,IP Address,1.38.220.181,100,430,True,2020-09-14 03:16:27,R_bBMwIWXwgycO6qt,,,,,19.074798583984375,72.8856048583984375,anonymous,EN,"Yes, I consent to participate",cdr,General,Muslim,Male,21,Currently in a diploma or bachelor's program,A few times a month,A few times a week,Within the past month,Maharashtra,,8191
2020-09-14 03:09:50,2020-09-14 03:16:39,IP Address,157.36.17.117,100,409,True,2020-09-14 03:16:39,R_upL3WkeEYY9ozU5,,,,,28.6519012451171875,77.23150634765625,anonymous,EN,"Yes, I consent to participate",CDR,Other Backward Classes (OBC),Muslim,Male,20,Currently in a diploma or bachelor's program,A few times a week,A few times a week,Within the past week,Haryana,,8619
2020-09-14 03:22:09,2020-09-14 03:24:06,IP Address,106.198.247.40,100,117,True,2020-09-14 03:24:07,R_vrhVEbpPbGdfF1T,,,,,28.6519012451171875,77.23150634765625,anonymous,EN,"Yes, I consent to participate",cdr,Other Backward Classes (OBC),Muslim,Male,23,Diploma,Never,Never,Within the past hour,Haryana,,4412
2020-09-14 04:07:42,2020-09-14 04:10:17,IP Address,49.33.168.135,100,154,True,2020-09-14 04:10:17,R_2TAxtN4I9g1zCZ8,,,,,19.074798583984375,72.8856048583984375,anonymous,EN,"Yes, I consent to participate",CDR,General,Muslim,Female,34,Graduated high school,A few times an hour,A few times an hour,Within the past day,Maharashtra,,9432
2020-09-14 22:34:57,2020-09-14 22:39:01,IP Address,42.111.93.29,100,243,True,2020-09-14 22:39:01,R_1gHhjHHCpMt0HSp,,,,,28.6519012451171875,77.23150634765625,anonymous,EN,"Yes, I consent to participate",CDR,Scheduled Castes (SC),Muslim,Male,22,Graduated high school,A few times an hour,A few times an hour,Within the past hour,Delhi,,1589
2020-09-14 22:33:17,2020-09-14 22:40:25,IP Address,49.33.147.247,100,428,True,2020-09-14 22:40:26,R_svAJr0lmFmZrbnX,,,,,19.074798583984375,72.8856048583984375,anonymous,EN,"Yes, I consent to participate",CDR,"Scheduled Castes (SC),Scheduled Tribes (ST),Other Backward Classes (OBC),General",Muslim,Male,22,Did not graduate high school,A few times an hour,A few times an hour,Within the past day,Maharashtra,,5372
2020-09-14 22:41:06,2020-09-14 22:41:58,IP Address,49.33.147.247,100,52,True,2020-09-14 22:41:59,R_1JVqKMLPcFyUqnT,,,,,19.074798583984375,72.8856048583984375,anonymous,EN,"Yes, I consent to participate",CDR,"Scheduled Castes (SC),Scheduled Tribes (ST),Other Backward Classes (OBC),General",Muslim,Male,22,Currently in a diploma or bachelor's program,A few times an hour,A few times an hour,Within the past hour,Maharashtra,,6266
2020-09-14 22:47:40,2020-09-14 22:51:11,IP Address,49.33.171.254,100,210,True,2020-09-14 22:51:11,R_1r0lIMu8UEVIvaz,,,,,19.074798583984375,72.8856048583984375,anonymous,EN,"Yes, I consent to participate",cdr,General,Muslim,Male,24,Currently in a diploma or bachelor's program,A few times a week,A few times a week,Within the past week,Maharashtra,,9887
2020-09-14 23:55:45,2020-09-14 23:59:46,IP Address,49.32.7.219,100,240,True,2020-09-14 23:59:46,R_bpwnSBCcq323lwR,,,,,19.074798583984375,72.8856048583984375,anonymous,EN,"Yes, I consent to participate",cdr,General,Muslim,Male,20,Currently in a diploma or bachelor's program,A few times a day,A few times a day,Within the past year,Other,Maharashtra ,9206
2020-09-15 00:47:26,2020-09-15 00:50:51,IP Address,27.106.84.6,100,204,True,2020-09-15 00:50:51,R_2B4MEl0dFPXhdY8,,,,,19.074798583984375,72.8856048583984375,anonymous,EN,"Yes, I consent to participate",cdr,General,Muslim,Male,19,Bachelor's degree,A few times an hour,A few times an hour,Within the past hour,Maharashtra,,6287
2020-09-15 01:33:36,2020-09-15 01:39:52,IP Address,171.51.210.205,100,376,True,2020-09-15 01:39:53,R_4NSBbWOhmEdLJ9T,,,,,19.074798583984375,72.8856048583984375,anonymous,EN,,cdr,Other Backward Classes (OBC),Muslim,Female,18,Currently in a diploma or bachelor's program,A few times a week,A few times a week,Within the past hour,Maharashtra,,7394
2020-09-15 01:34:14,2020-09-15 01:40:08,IP Address,106.209.216.212,100,354,True,2020-09-15 01:40:09,R_6yejnl76lLKtknT,,,,,19.074798583984375,72.8856048583984375,anonymous,EN,"Yes, I consent to participate",cdr,General,Muslim,Male,19,Doctoral degree,A few times an hour,A few times an hour,Within the past hour,Maharashtra,,7551
2020-09-08 01:43:07,2020-09-08 01:46:48,IP Address,49.33.152.152,42,220,False,2020-09-15 01:47:10,R_22n8wCJ3xTYGSwG,,,,,,,anonymous,EN,"Yes, I consent to participate",cdr,General,Muslim,Female,,,,,,,,9985
2020-09-08 09:31:52,2020-09-08 19:43:03,IP Address,171.76.245.223,25,36670,False,2020-09-15 19:43:16,R_2dyeP299O4p3dkD,,,,,,,anonymous,EN,"Yes, I consent to participate",cdr,Other Backward Classes (OBC),,,,,,,,,,5327
2020-09-15 21:36:50,2020-09-15 21:39:03,IP Address,157.35.243.153,100,133,True,2020-09-15 21:39:03,R_3nvLhuwLGZeAGdb,,,,,25.5908050537109375,85.134796142578125,anonymous,EN,"Yes, I consent to participate",CDR,Other Backward Classes (OBC),Muslim,Female,19,Currently in a diploma or bachelor's program,A few times a day,A few times a day,Within the past hour,Jharkand,,7083
2020-09-15 22:31:59,2020-09-15 22:41:39,IP Address,223.189.24.161,100,579,True,2020-09-15 22:41:39,R_8dF6oiOrNn2VlER,,,,,19.074798583984375,72.8856048583984375,anonymous,EN,"Yes, I consent to participate",cdr,General,Muslim,Female,20,Bachelor's degree,A few times a day,A few times a day,Within the past day,Maharashtra,,5099
2020-09-08 22:31:31,2020-09-08 23:17:49,IP Address,146.196.33.60,17,2777,False,2020-09-15 23:17:59,R_ykGAtutPNQH2YUh,,,,,,,anonymous,EN,"Yes, I consent to participate",CDR,,,,,,,,,,,7031
2020-09-16 00:06:41,2020-09-16 00:12:45,IP Address,47.31.33.155,100,364,True,2020-09-16 00:12:45,R_D2AnXWidwo6xRnP,,,,,28.6519012451171875,77.23150634765625,anonymous,EN,"Yes, I consent to participate",CDR,General,Muslim,Female,21,Currently in a diploma or bachelor's program,A few times a month,A few times a month,Within the past month,Delhi,,5330
2020-09-16 01:08:49,2020-09-16 01:15:34,IP Address,49.32.62.119,100,405,True,2020-09-16 01:15:34,R_3HUDjf6olMcV6hw,,,,,19.074798583984375,72.8856048583984375,anonymous,EN,"Yes, I consent to participate",cdr,General,Muslim,Male,19,Did not graduate high school,A few times a day,A few times a day,Within the past day,Maharashtra,,2897
2020-09-16 02:49:20,2020-09-16 02:56:32,IP Address,106.192.175.24,100,431,True,2020-09-16 02:56:32,R_1jm6gfvbpAh8Maw,,,,,29.6923065185546875,76.985992431640625,anonymous,EN,"Yes, I consent to participate",cdr,Other Backward Classes (OBC),Muslim,Male,29,Graduated high school,A few times an hour,A few times a day,Within the past hour,Haryana,,3628
2020-09-16 03:08:24,2020-09-16 03:10:17,IP Address,106.193.132.5,100,113,True,2020-09-16 03:10:18,R_1EhxHNg8SQOTKyF,,,,,19.074798583984375,72.8856048583984375,anonymous,EN,"Yes, I consent to participate",cdr,General,Muslim,Male,29,Bachelor's degree,A few times an hour,A few times an hour,Within the past hour,Maharashtra,,3262
2020-09-16 03:15:31,2020-09-16 03:23:39,IP Address,202.179.74.128,100,488,True,2020-09-16 03:23:40,R_pMiF7XTmNjOXOet,,,,,19.074798583984375,72.8856048583984375,anonymous,EN,"Yes, I consent to participate",CDR,Other Backward Classes (OBC),Muslim,Male,26,Diploma,A few times a day,A few times a day,Within the past hour,Maharashtra,,1964
2020-09-16 04:32:50,2020-09-16 04:40:05,IP Address,223.182.170.227,100,434,True,2020-09-16 04:40:05,R_D5D4a6BVWsY17l7,,,,,19.074798583984375,72.8856048583984375,anonymous,EN,"Yes, I consent to participate",cdr,General,Muslim,Male,27,Bachelor's degree,A few times a day,A few times a week,Within the past day,Maharashtra,,1755
2020-09-16 04:32:56,2020-09-16 04:45:19,IP Address,49.32.53.198,100,743,True,2020-09-16 04:45:20,R_3szCi3iZuVs0dA2,,,,,19.074798583984375,72.8856048583984375,anonymous,EN,"Yes, I consent to participate",CDR,General,Muslim,Male,19,Graduated high school,A few times an hour,A few times a day,Within the past hour,Other,CDR,7414
2020-09-16 22:38:38,2020-09-16 22:45:59,IP Address,27.61.221.122,100,441,True,2020-09-16 22:46:00,R_3iUObFSe0UN0K6w,,,,,23.0276031494140625,72.58709716796875,anonymous,EN,"Yes, I consent to participate",cdr,General,Muslim,Male,18,Did not graduate high school,A few times a week,A few times a day,Within the past day,Gujarat,,1653
2020-09-17 00:01:38,2020-09-17 00:07:49,IP Address,49.32.5.155,100,370,True,2020-09-17 00:07:49,R_CluXGkTskbXWyTn,,,,,19.074798583984375,72.8856048583984375,anonymous,EN,"Yes, I consent to participate",cdr,Other Backward Classes (OBC),Muslim,Male,22,Graduated high school,A few times a day,A few times a week,Within the past hour,Maharashtra,,7865
2020-09-10 00:21:23,2020-09-10 00:26:48,IP Address,223.182.184.25,8,325,False,2020-09-17 00:26:49,R_1NyUGSpYivEOn6t,,,,,,,anonymous,EN,"Yes, I consent to participate",,,,,,,,,,,,8138
2020-09-17 02:01:22,2020-09-17 02:04:55,IP Address,183.83.212.133,100,212,True,2020-09-17 02:04:55,R_2WYfUZ8ZtRDGSWf,,,,,28.6327056884765625,77.21978759765625,anonymous,EN,"Yes, I consent to participate",cdr,Other Backward Classes (OBC),Muslim,Male,24,Master's degree,A few times an hour,A few times an hour,Within the past hour,Delhi,,8665
2020-09-17 03:02:04,2020-09-17 03:05:47,IP Address,103.51.138.107,100,222,True,2020-09-17 03:05:47,R_2SoRrqxTMcxaPaq,,,,,19.074798583984375,72.8856048583984375,anonymous,EN,"Yes, I consent to participate",cdr,General,Muslim,Male,22,Bachelor's degree,A few times an hour,A few times a day,Within the past hour,Maharashtra,,8944
2020-09-10 03:01:04,2020-09-10 03:31:00,IP Address,122.180.218.67,8,1796,False,2020-09-17 03:31:09,R_25AyXpXO9JdWzYb,,,,,,,anonymous,EN,"Yes, I consent to participate",,,,,,,,,,,,9336
2020-09-17 03:32:28,2020-09-17 03:36:47,IP Address,106.209.187.99,100,259,True,2020-09-17 03:36:47,R_3lrZsFWiHWxFzY8,,,,,19.074798583984375,72.8856048583984375,anonymous,EN,"Yes, I consent to participate",cdr,General,Muslim,Male,19,Did not graduate high school,Never,Never,Within the past hour,Maharashtra,,9717
2020-09-17 04:21:42,2020-09-17 04:23:13,IP Address,1.38.216.172,100,91,True,2020-09-17 04:23:13,R_3P52ttsO5V7AivX,,,,,19.074798583984375,72.8856048583984375,anonymous,EN,"Yes, I consent to participate",cdr,General,Muslim,Male,25,Bachelor's degree,A few times a day,A few times a week,Within the past hour,Maharashtra,,4142
2020-09-17 04:24:20,2020-09-17 04:30:27,IP Address,1.38.220.49,100,367,True,2020-09-17 04:30:28,R_1eqUL5pqDdsglxm,,,,,19.074798583984375,72.8856048583984375,anonymous,EN,"Yes, I consent to participate",CDR,General,Muslim,Female,21,Currently in a diploma or bachelor's program,A few times a year,A few times a year,Within the past year,Maharashtra,,5469
2020-09-17 06:07:12,2020-09-17 06:10:56,IP Address,103.24.62.71,100,224,True,2020-09-17 06:10:57,R_9AJfSpIE2lfi48N,,,,,19.074798583984375,72.8856048583984375,anonymous,EN,"Yes, I consent to participate",CDR,Other Backward Classes (OBC),Muslim,Male,21,Graduated high school,A few times an hour,A few times a day,Within the past hour,Maharashtra,,8366
2020-09-13 06:47:53,2020-09-13 06:48:23,IP Address,49.33.149.80,8,30,False,2020-09-20 06:48:50,R_2fsbpU9Md0Os6ZM,,,,,,,anonymous,EN,"Yes, I consent to participate",,,,,,,,,,,,6612
2020-09-15 03:08:51,2020-09-15 03:10:17,IP Address,103.51.233.4,8,86,False,2020-09-22 03:10:18,R_3s6dGcO52iIXbF6,,,,,,,anonymous,EN,"Yes, I consent to participate",,,,,,,,,,,,3344
2020-09-15 03:20:32,2020-09-15 03:29:37,IP Address,111.91.8.142,42,545,False,2020-09-22 03:29:54,R_3MbWLEb0vGb5pBY,,,,,,,anonymous,EN,"Yes, I consent to participate",cdr,Other Backward Classes (OBC),Muslim,Male,,,,,,,,8946
2020-09-15 03:18:31,2020-09-15 03:31:46,IP Address,223.238.194.178,58,795,False,2020-09-22 03:32:14,R_RfVKF5sRV1d9L6p,,,,,,,anonymous,EN,"Yes, I consent to participate",cdr,Other Backward Classes (OBC),Muslim,Male,20,Graduated high school,,,,,,3834
2020-09-16 05:39:10,2020-09-16 14:31:03,IP Address,103.105.230.87,8,31913,False,2020-09-23 14:31:10,R_C351oKwfoAsiiB3,,,,,,,anonymous,EN,"Yes, I consent to participate",,,,,,,,,,,,8670
2020-09-15 04:33:19,2020-09-16 22:46:11,IP Address,49.36.8.55,58,151972,False,2020-09-23 22:46:30,R_vH97ZUV6vVWkwX7,,,,,,,anonymous,EN,"Yes, I consent to participate",cdr,Scheduled Castes (SC),Hindu,Male,67,Did not graduate high school,,,,,,1775
2020-09-17 03:05:28,2020-09-17 03:05:56,IP Address,45.118.165.235,8,27,False,2020-09-24 03:06:20,R_3koZSsuFzdCdO6J,,,,,,,anonymous,EN,"Yes, I consent to participate",,,,,,,,,,,,3923
2020-09-15 03:30:58,2020-09-17 05:14:25,IP Address,122.176.206.181,8,179007,False,2020-09-24 05:14:52,R_1QFyjoKdb5u7Gfk,,,,,,,anonymous,EN,"Yes, I consent to participate",cdr,,,,,,,,,,,6825
2020-09-19 00:37:44,2020-09-19 00:38:06,IP Address,223.189.45.61,8,21,False,2020-09-26 00:38:06,R_PMw45W6fMZ9JsJj,,,,,,,anonymous,EN,"Yes, I consent to participate",,,,,,,,,,,,4830