participant_id,order,preference (1-7),familiarity (1-7),relationship,post_tenure,tenure_units,human (y/n),nf_group (y/n),unrest (y/n),common_friends,race_RA_1,race_RA_2,gender,Notes,,,
5319,1,1,,,57,Minutes,0,0,0,,,,,Page A,,,
5319,2,1,1,Don't know personally,6,Hours,1,1,0,0,White,,Female,Group A,,,
5319,3,4,1,Don't know personally,11,Hours,1,1,0,0,Asian,,Female,Group B,,,
5319,4,4,1,Don't know personally,50,Minutes,1,1,0,5,Asian,,Female,Group C,,,
5319,5,1,,,1,Hours,0,0,0,,,,,,,,
5319,6,2,,,16,Hours,0,0,0,,,,,"""_____ replied to a comment""",,,
5319,7,1,1,Don't know personally,1,Hours,1,1,0,9,Asian,,Male,Group C,,,
5319,8,3,1,Don't know personally,1,Days,1,1,0,0,White,,Female,,,,
5319,9,2,5,Friend,2,Hours,1,0,0,98,White,,Male,SK wishing friend a happy bday,,,
5319,10,2,3,Acquaintance,1,Hours,1,0,0,194,White,,Female,,,,
5319,11,4,,,1,Hours,0,0,0,,,,,,,,
5319,12,6,1,Don't know personally,8,Minutes,1,1,0,4,Asian,,Male,,,,
5319,13,3,,,2,Days,0,0,0,,,,,Page A,,,
5319,14,1,1,Don't know personally,33,Minutes,1,1,0,0,White,,Female,Group A,,,
5319,15,5,,,1,Hours,0,0,0,,,,,Page A,,,
5319,16,5,1,Don't know personally,11,Hours,1,1,0,0,Asian,,Female,Group B,,,
5319,17,3,1,Don't know personally,2,Days,1,1,0,0,Asian,,Female,LB in FFS,,,
5319,18,5,2,Don't know personally,2,Days,1,0,0,53,White,,Female,"LB; ""_____ was tagged""",,,
5319,19,6,,,1,Hours,0,0,0,,,,,WW,,,
5319,20,7,5,Friend,46,Minutes,1,1,0,31,White,,Male,CS in ChoMun,,,
5319,21,1,,,2,Hours,0,0,0,,,,,Page A,,,
5319,22,3,1,Don't know personally,2,Hours,1,1,0,0,White,,Female,Group A,,,
5319,23,5,5,Friend,52,Minutes,1,0,0,38,White,,Female,GM,,,
5319,24,3,1,Don't know personally,20,Hours,1,0,0,1,White,,Female,"MH: ""_____ was tagged""",,,
5319,25,2,,,12,Hours,0,0,0,,,,,Page A,,,
5319,26,1,1,Don't know personally,4,Hours,1,1,0,0,White,,Male,Group A,,,
5319,27,1,1,Don't know personally,2,Hours,1,1,0,11,Asian,,Male,Group C,,,
5319,28,1,,,15,Hours,0,0,0,,,,,Page A,,,
5319,29,2,1,Don't know personally,2,Hours,1,1,0,16,Asian,,Female,CY in FFS,,,
5319,30,5,1,Don't know personally,11,Hours,1,1,0,0,White,,Female,Group B,,,
3056,1,4,,,1,Days,0,0,0,0,,,,,,,
3056,2,2,2,Don't know personally,16,Minutes,1,0,0,23,White,,Female,,,,
3056,3,6,,,19,Minutes,0,0,0,0,,,,,,,
3056,4,3,2,Don't know personally,52,Minutes,1,0,0,247,White,,Male,,,,
3056,5,1,1,Don't know personally,28,Minutes,1,1,0,3,White,,Male,,,,
3056,6,6,,,8,Minutes,0,0,0,0,,,,,,,
3056,7,1,1,Don't know personally,2,Hours,1,0,0,10,White,,Male,,,,
3056,8,3,2,Don't know personally,2,Hours,1,0,0,231,White,,Male,,,,
3056,9,4,,,3,Days,0,0,0,0,,,,,,,
3056,10,1,1,Don't know personally,3,Hours,1,0,0,135,White,,Female,,,,
3056,11,4,3,Acquaintance,2,Hours,1,0,0,283,Black or African American,,Male,,,,
3056,12,1,1,Don't know personally,19,Minutes,1,0,0,248,White,,Female,,,,
3056,13,2,5,Acquaintance,19,Hours,1,0,0,107,Asian,,Female,,,,
3056,14,6,,,2,Days,0,0,0,0,,,,,,,
3056,15,3,4,Acquaintance,6,Hours,1,0,0,148,White,,Female,,,,
3056,16,2,4,Acquaintance,17,Hours,1,0,0,269,White,,Female,,,,
3056,17,4,3,Acquaintance,1,Hours,1,0,0,218,Black or African American,,Male,,,,
3056,18,5,,,4,Days,0,0,0,0,,,,,,,
3056,19,2,3,Acquaintance,8,Minutes,1,0,0,246,White,,Female,,,,
3056,20,6,,,2,Days,0,0,0,0,,,,,,,
3056,21,1,1,Don't know personally,23,Minutes,1,1,0,1,White,,Female,,,,
3056,22,5,,,19,Hours,0,0,0,0,,,,,,,
3056,23,4,6,Friend,5,Hours,1,0,0,216,White,,Male,,,,
3056,24,3,3,Acquaintance,2,Days,1,0,0,218,Black or African American,,Male,,,,
3056,25,1,1,Don't know personally,7,Minutes,1,1,0,2,White,,Female,,,,
3056,26,3,,,15,Days,0,0,0,0,,,,,,,
3056,27,6,,,2,Days,0,0,0,0,,,,,,,
3056,28,3,,,3,Days,0,0,0,0,,,,,,,
3056,29,2,,,2,Days,0,0,0,0,,,,,,,
3056,30,2,3,Acquaintance,6,Hours,1,0,0,200,Black or African American,,Female,,,,
3406,1,7,6,Friend,21,Hours,1,0,0,64,Black or African American,,Female,,,,
3406,2,7,7,Family,4,Days,1,0,0,34,Black or African American,,Female,"""_____ replied to your comment""",,,
3406,3,5,5,Acquaintance,3,Hours,1,0,0,23,Black or African American,,Female,,,,
3406,4,7,7,Friend,31,Minutes,1,0,0,73,Black or African American,,Female,,,,
3406,5,6,6,Acquaintance,4,Hours,1,0,0,51,Black or African American,,Female,,,,
3406,6,7,7,Friend,1,Days,1,0,0,12,Black or African American,,Male,Person A,,,
3406,7,7,7,Friend,15,Hours,1,0,0,163,Black or African American,,Female,Person B; Bundled Post - 3 people shared a post,,,
3406,8,7,7,Friend,1,Days,1,0,0,12,Black or African American,,Male,Person A,,,
3406,9,7,7,Friend,13,Hours,1,0,0,180,Black or African American,,Female,,,,
3406,10,5,6,Friend,1,Days,1,0,0,42,Black or African American,,Male,Person C,,,
3406,11,6,7,Friend,1,Hours,1,0,0,163,Black or African American,,Female,Person B; Bundled Post - 3 people shared a post,,,
3406,12,5,6,Acquaintance,1,Days,1,0,0,91,Black or African American,,Female,,,,
3406,13,7,7,Friend,14,Hours,1,0,0,32,White,,Female,,,,
3406,14,5,7,Friend,18,Hours,1,0,0,13,Black or African American,,Female,,,,
3406,15,7,7,Friend,2,Days,1,0,0,12,Black or African American,,Male,"Person A; ""_____ commented on your post.""",,,
3406,16,6,6,Acquaintance,1,Days,1,0,0,49,Black or African American,,Female,,,,
3406,17,7,7,Friend,,,1,0,0,191,Black or African American,,Female,"""_____ commented on a post from November 3rd, 2018""",,,
3406,18,6,6,Friend,2,Days,1,0,0,80,Black or African American,,Female,"""_____ and 3 others commented""",,,
3406,19,5,7,Family,3,Hours,1,1,0,3,Black or African American,,Female,,,,
3406,20,5,7,Friend,7,Hours,1,0,0,42,Black or African American,,Male,Person C,,,
3406,21,6,6,Friend,2,Hours,1,0,0,56,Black or African American,,Female,,,,
3406,22,4,5,Acquaintance,3,Hours,1,0,0,72,Black or African American,,Female,,,,
3406,23,5,7,Friend,2,Days,1,0,0,42,Black or African American,,Male,Person C,,,
3406,24,6,7,Friend,6,Hours,1,0,0,163,Black or African American,,Female,Person B,,,
3406,25,5,7,Family,2,Hours,1,0,0,44,Black or African American,,Female,,,,
3406,26,6,7,Friend,3,Days,1,0,0,160,Black or African American,,Female,Bundeld Post - 2 poeple shared a post,,,
3406,27,4,7,Friend,3,Hours,1,0,0,121,Black or African American,,Female,,,,
3406,28,5,7,Friend,9,Hours,1,0,0,42,Black or African American,,Male,Person C,,,
3406,29,7,7,Friend,2,Hours,1,0,0,79,Black or African American,,Female,,,,
3406,30,6,7,Friend,1,Hours,1,0,0,71,Black or African American,,Female,,,,
2479,1,7,,,7,Hours,0,0,0,,,,,Thrillest: Bundeld Post - Participant marked this page as 'see first',,,
2479,2,6,7,Family,5,Hours,1,0,0,38,White,,Female,,,,
2479,3,7,7,Friend,1,Hours,1,0,0,,White,,Female,"Person A; Common Friends - The poster made their friends list private, so the data wasn't accessible",,,
2479,4,7,7,Friend,1,Hours,1,0,0,2,Black or African American,,Female,Participant reacted and comment,,,
2479,5,7,7,Friend,6,Hours,1,0,0,1,Black or African American,,Male,Person B,,,
2479,6,7,7,Family,24,Minutes,1,0,0,18,Black or African American,,Female,,,,
2479,7,7,7,Friend,7,Hours,1,1,0,1,Black or African American,,Male,Person B,,,
2479,8,4,5,Acquaintance,49,Minutes,1,0,0,4,White,,Female,,,,
2479,9,5,6,Friend,2,Days,1,0,0,8,Black or African American,,Female,,,,
2479,10,7,7,Friend,3,Hours,1,0,0,27,Black or African American,,Female,,,,
2479,11,7,7,Friend,5,Hours,1,0,0,,White,,Female,Person A; Common Friends hidden,,,
2479,12,7,7,Friend,7,Hours,1,0,0,2,Black or African American,,Female,,,,
2479,13,4,5,Friend,2,Days,1,0,0,0,White,,Female,,,,
2479,14,4,5,Acquaintance,3,Hours,1,0,0,7,,,,Person C; Unidentifiable,,,
2479,15,1,3,Acquaintance,1,Hours,1,0,0,4,Black or African American,,Male,,,,
2479,16,4,5,Acquaintance,6,Hours,1,0,0,1,,,,Unidentifiable,,,
2479,17,7,,,16,Hours,0,0,0,,,,,,,,
2479,18,7,7,Family,2,Days,1,0,0,67,Black or African American,,Female,,,,
2479,19,1,4,Acquaintance,6,Hours,1,0,0,22,Black or African American,,Female,,,,
2479,20,7,5,Friend,2,Hours,1,0,0,1,White,,Female,,,,
2479,21,4,6,Friend,6,Hours,1,0,0,10,Black or African American,,Female,,,,
2479,22,4,5,Friend,1,Days,1,0,0,24,Black or African American,,Female,,,,
2479,23,4,5,Friend,19,Minutes,1,0,0,45,Black or African American,,Female,,,,
2479,24,7,7,Friend,2,Hours,1,0,0,,White,,Female,,,,
2479,25,4,5,Friend,18,Minutes,1,0,0,24,Black or African American,,Female,,,,
2479,26,7,7,Family,,,1,0,0,67,Black or African American,,Female,"Tenure - Original post was made on May 25th, 2007 ",,,
2479,27,7,5,Family,1,Days,1,0,0,8,Black or African American,,Female,,,,
2479,28,7,6,Friend,6,Hours,1,0,0,10,Black or African American,,Female,,,,
2479,29,1,5,Acquaintance,6,Hours,1,0,0,0,,,,Person C; Unidentifiable,,,
2479,30,7,7,Friend,17,Hours,1,0,0,,White,,Female,Person A; Common Friends hidden,,,
7299,1,7,7,Friend,3,Hours,1,0,0,22,Hispanic,,Female,,,,
7299,2,5,7,Friend,4,Days,1,0,0,17,Hispanic,,Female,,,,
7299,3,4,7,Friend,19,Hours,1,0,0,22,Hispanic,,Female,,,,
7299,4,4,6,Friend,18,Hours,1,1,0,7,White,,Female,,,,
7299,5,4,7,Friend,5,Days,1,0,0,17,Hispanic,,Female,,,,
7299,6,6,4,Acquaintance,2,Days,1,0,0,2,White,,Female,,,,
7299,7,6,2,Don't know personally,5,Days,1,0,0,5,Hispanic,,Female,,,,
7299,8,4,5,Acquaintance,2,Days,1,0,0,15,Hispanic,,Male,,,,
7299,9,7,7,Family,5,Days,1,0,0,22,Hispanic,,Female,,,,
7299,10,5,5,Acquaintance,4,Days,1,0,0,7,Asian,,Female,,,,
7299,11,6,7,Friend,3,Days,1,0,0,22,Hispanic,,Female,,,,
7299,12,6,6,Friend,3,Days,1,0,0,7,Black or African American,,Female,,,,
7299,13,6,5,Acquaintance,10,Hours,1,0,0,5,Hispanic,,Female,,,,
7299,14,2,2,Don't know personally,4,Days,1,0,0,13,Hispanic,,Female,,,,
7299,15,5,4,Acquaintance,2,Days,1,0,0,9,Hispanic,,Female,,,,
7299,16,3,5,Acquaintance,2,Days,1,0,0,19,Hispanic,,Female,,,,
7299,17,2,7,Acquaintance,1,Days,1,0,0,22,Hispanic,,Female,,,,
7299,18,4,5,Acquaintance,3,Days,1,0,0,11,Hispanic,,Female,,,,
7299,19,2,5,Acquaintance,19,Minutes,1,0,0,9,Hispanic,,Female,,,,
7299,20,6,5,Acquaintance,3,Days,1,0,0,7,Hispanic,,Male,,,,
7299,21,2,,,5,Days,0,0,0,0,,,,,,,
7299,22,7,7,Friend,1,Days,1,0,0,22,Hispanic,,Female,,,,
7299,23,6,6,Friend,22,Hours,1,1,0,10,Hispanic,,Male,,,,
7299,24,4,5,Acquaintance,1,Days,1,0,0,5,Hispanic,,Female,,,,
7299,25,2,7,Friend,2,Days,1,0,0,22,Hispanic,,Female,,,,
7299,26,6,6,Friend,13,Minutes,1,0,0,4,Hispanic,,Female,,,,
7299,27,2,7,Friend,4,Days,1,0,0,7,Hispanic,,Male,,,,
7299,28,2,2,Don't know personally,6,Days,1,0,0,14,Hispanic,,Female,,,,
7299,29,5,7,Friend,3,Days,1,0,0,22,Hispanic,,Male,,,,
7299,30,6,3,Acquaintance,1,Days,1,0,0,23,Hispanic,,Female,,,,
9029,1,4,1,Don't know personally,1,Hours,1,1,0,0,Black or African American,,Female,,,,
9029,2,5,4,Acquaintance,1,Hours,1,0,0,0,Black or African American,,Female,,,,
9029,3,3,,,2,Hours,0,0,0,0,,,,,,,
9029,4,4,1,Don't know personally,1,Hours,1,0,0,0,Black or African American,,Female,,,,
9029,5,6,,,1,Hours,0,0,0,0,,,,,,,
9029,6,3,1,Don't know personally,1,Days,1,1,0,0,Black or African American,,Male,,,,
9029,7,1,1,Don't know personally,21,Hours,1,1,0,0,Black or African American,,Male,,,,
9029,8,4,4,Acquaintance,21,Hours,1,0,0,9,Black or African American,,Female,,,,
9029,9,3,,,11,Hours,0,0,0,0,,,,,,,
9029,10,3,5,Acquaintance,19,Hours,1,0,1,153,Black or African American,,Male,,,,
9029,11,1,5,Acquaintance,21,Hours,1,0,0,7,Black or African American,,Male,,,,
9029,12,2,4,Acquaintance,18,Hours,1,0,0,256,Black or African American,,Female,,,,
9029,13,1,3,Acquaintance,22,Hours,1,0,0,242,Black or African American,,Female,,,,
9029,14,2,,,1,Days,0,0,0,0,,,,,,,
9029,15,2,1,Don't know personally,1,Hours,1,1,0,0,Black or African American,,Female,,,,
9029,16,4,1,Don't know personally,3,Days,1,1,0,0,Black or African American,,Male,,,,
9029,17,5,1,Don't know personally,2,Minutes,1,0,0,1,Black or African American,,Female,,,,
9029,18,6,4,Acquaintance,22,Hours,1,0,0,242,Black or African American,,Female,,,,
9029,19,6,4,Acquaintance,3,Hours,1,0,0,246,Black or African American,,Male,,,,
9029,20,3,2,Don't know personally,1,Hours,1,0,0,85,Black or African American,,Male,,,,
9029,21,2,,,22,Hours,0,0,0,0,,,,,,,
9029,22,5,5,Acquaintance,20,Hours,1,0,0,7,Black or African American,,Male,,,,
9029,23,4,2,Don't know personally,20,Hours,1,0,0,19,Black or African American,,Male,,,,
9029,24,6,,,2,Days,0,0,0,0,,,,,,,
9029,25,6,,,20,Days,0,0,0,0,,,,,,,
9029,26,4,4,Acquaintance,7,Hours,1,0,0,242,Black or African American,,Female,,,,
9029,27,6,,,17,Hours,0,0,0,0,,,,,,,
9029,28,7,5,Acquaintance,1,Days,1,0,0,7,Black or African American,,Male,,,,
9029,29,2,,,1,Days,0,0,0,0,,,,,,,
9029,30,1,1,Don't know personally,27,Minutes,1,1,0,0,Black or African American,,Male,,,,
2268,1,1,1,Don't know personally,13,Hours,1,1,0,0,White,,Female,,,,
2268,2,7,7,Family,5,Hours,1,0,0,5,White,,Female,,,,
2268,3,7,,,21,Hours,0,0,0,0,,,,,,,
2268,4,1,1,Don't know personally,10,Hours,1,1,0,0,White,,Female,,,,
2268,5,1,1,Don't know personally,3,Days,1,0,0,10,Asian,,Female,,,,
2268,6,3,1,Don't know personally,1,Days,1,1,0,0,White,,Male,,,,
2268,7,7,7,Family,5,Hours,1,0,0,5,,,,,,,
2268,8,5,,,11,Hours,0,0,0,0,,,,,,,
2268,9,1,1,Don't know personally,13,Hours,1,1,0,0,White,,Female,,,,
2268,10,3,7,Friend,2,Days,1,0,0,5,,,,,,,
2268,11,3,7,Friend,14,Hours,1,0,0,44,White,,Female,,,,
2268,12,3,7,Friend,3,Days,1,0,0,57,White,,Female,,,,
2268,13,3,4,Acquaintance,3,Days,1,0,0,53,Hispanic,,Female,,,,
2268,14,4,4,Acquaintance,22,Minutes,1,0,0,4,White,,Female,,,,
2268,15,5,,,20,Hours,0,0,0,0,,,,,,,
2268,16,7,7,Friend,2,Days,1,0,0,62,White,,Male,,,,
2268,17,4,7,Friend,15,Hours,1,0,0,49,White,,Male,,,,
2268,18,1,5,Acquaintance,1,Days,1,0,0,23,Hispanic,,Female,,,,
2268,19,1,5,Acquaintance,2,Days,1,0,0,6,White,,Male,,,,
2268,20,1,1,Don't know personally,21,Hours,1,1,0,0,White,,Female,,,,
2268,21,4,4,Acquaintance,3,Days,1,0,0,1,White,,Female,,,,
2268,22,1,1,Don't know personally,3,Hours,1,1,0,0,White,,Male,,,,
2268,23,5,,,3,Days,0,0,0,0,,,,,,,
2268,24,6,1,Don't know personally,1,Hours,1,1,0,0,Asian,,Female,,,,
2268,25,1,4,Acquaintance,2,Days,1,0,0,60,White,,Female,,,,
2268,26,4,4,Acquaintance,2,Days,1,0,0,75,White,,Female,,,,
2268,27,1,1,Don't know personally,1,Hours,1,1,0,0,White,,Male,,,,
2268,28,1,1,Don't know personally,2,Days,1,1,0,0,White,,Female,,,,
2268,29,7,,,2,Days,0,0,0,0,,,,,,,
2268,30,1,1,Don't know personally,1,Days,1,1,0,0,Asian,,Female,,,,
9683,1,5,,,2,Hours,0,0,0,,,,,,,,
9683,2,7,7,Friend,6,Minutes,1,0,0,0,Black or African American,,Female,,,,
9683,3,5,,,3,Hours,0,0,0,0,,,,,,,
9683,4,2,4,Acquaintance,2,Hours,1,0,0,3,Black or African American,,Male,,,,
9683,5,4,,,3,Days,0,0,0,0,,,,,,,
9683,6,3,1,Don't know personally,3,Hours,1,1,0,0,White,,Female,,,,
9683,7,3,1,Don't know personally,1,Days,1,1,0,0,White,,Female,,,,
9683,8,1,1,Don't know personally,14,Minutes,1,1,0,0,Black or African American,,Male,,,,
9683,9,1,1,Don't know personally,13,Hours,1,1,0,0,Black or African American,,Male,,,,
9683,10,1,1,Don't know personally,56,Minutes,1,1,0,0,Asian,,Male,,,,
9683,11,1,,,33,Minutes,0,0,0,0,,,,,,,
9683,12,1,1,Don't know personally,2,Hours,1,1,0,0,Black or African American,,Female,,,,
9683,13,2,1,Don't know personally,10,Minutes,1,1,0,0,Black or African American,,Female,,,,
9683,14,5,,,20,Days,0,0,0,0,,,,,,,
9683,15,1,1,Don't know personally,2,Days,1,1,0,0,Black or African American,,Male,,,,
9683,16,1,,,1,Days,0,0,0,0,,,,,,,
9683,17,7,,,28,Minutes,0,0,0,0,,,,,,,
9683,18,1,1,Don't know personally,27,Minutes,1,1,0,0,Black or African American,,Male,,,,
9683,19,7,,,4,Days,0,0,0,0,,,,,,,
9683,20,1,1,Don't know personally,50,Minutes,1,1,0,0,Asian,,Male,,,,
9683,21,5,,,12,Hours,0,0,0,0,,,,,,,
9683,22,7,,,3,Days,0,0,0,0,,,,,,,
9683,23,1,,,1,Hours,0,1,0,0,,,,,,,
9683,24,5,,,50,Minutes,0,0,0,0,,,,,,,
9683,25,5,1,Don't know personally,3,Hours,1,1,0,0,Black or African American,,Male,,,,
9683,26,4,5,Acquaintance,2,Hours,1,0,0,55,Black or African American,,Female,,,,
9683,27,2,1,Don't know personally,1,Hours,1,1,0,0,White,,Male,,,,
9683,28,1,,,2,Days,0,0,0,0,,,,,,,
9683,29,1,1,Don't know personally,22,Hours,1,1,0,0,Black or African American,,Female,,,,
9683,30,4,5,Acquaintance,7,Minutes,1,0,0,149,Black or African American,,Male,,,,
7366,1,5,,,6,Hours,0,0,0,0,,,,,,,
7366,2,4,,,5,Hours,0,0,0,0,,,,,,,
7366,3,3,1,Don't know personally,1,Hours,1,1,0,0,White,,Female,,,,
7366,4,3,,,3,Hours,0,0,0,0,,,,,,,
7366,5,2,1,Don't know personally,9,Hours,1,0,0,0,White,,Male,,,,
7366,6,5,4,Acquaintance,16,Minutes,1,0,0,0,White,,Female,,,,
7366,7,4,5,Acquaintance,3,Hours,1,0,0,0,Black or African American,,Male,,,,
7366,8,3,,,1,Hours,0,0,0,0,,,,,,,
7366,9,3,,,3,Hours,0,0,0,0,,,,,,,
7366,10,2,,,19,Hours,0,0,0,0,,,,,,,
7366,11,2,1,Don't know personally,2,Hours,1,1,0,0,White,,Female,,,,
7366,12,3,5,Acquaintance,2,Days,1,0,0,3,White,,Female,,,,
7366,13,3,1,Don't know personally,2,Hours,1,1,0,0,White,,Female,,,,
7366,14,7,2,Don't know personally,2,Days,0,0,0,0,,,,,,,
7366,15,2,4,Acquaintance,15,Minutes,1,0,0,1,White,,Female,,,,
7366,16,3,6,Friend,12,Hours,1,0,0,26,White,,Female,,,,
7366,17,5,,,4,Days,0,0,0,0,,,,,,,
7366,18,2,1,Don't know personally,7,Hours,1,1,0,0,White,,Female,,,,
7366,19,2,1,Don't know personally,,,1,1,0,0,White,,Female,,,,
7366,20,5,,,6,Days,0,0,0,0,,,,,,,
7366,21,1,5,Acquaintance,2,Days,1,0,0,40,White,,Female,,,,
7366,22,5,,,2,Hours,0,0,0,0,,,,,,,
7366,23,5,,,26,Minutes,0,0,0,0,,,,,,,
7366,24,2,1,Don't know personally,2,Hours,1,1,0,0,White,,Female,,,,
7366,25,4,4,Acquaintance,4,Hours,1,0,0,5,White,,Female,,,,
7366,26,4,,,20,Hours,0,0,0,0,,,,,,,
7366,27,3,,,5,Days,0,0,0,0,,,,,,,
7366,28,3,1,Don't know personally,2,Days,1,1,0,0,White,,Female,,,,
7366,29,5,,,4,Hours,0,0,0,0,,,,,,,
7366,30,3,3,Acquaintance,1,Hours,1,0,0,17,Hispanic,,Male,,,,
7353,1,3,3,Acquaintance,18,Hours,1,0,0,30,White,,Male,,,,
7353,2,1,5,Acquaintance,17,Hours,1,0,0,139,White,,Female,,,,
7353,3,1,1,Don't know personally,3,Hours,1,0,0,0,Black or African American,,Male,,,,
7353,4,3,1,Don't know personally,23,Hours,1,1,0,1,White,,Female,,,,
7353,5,3,4,Acquaintance,3,Days,1,0,0,117,Black or African American,,Female,,,,
7353,6,1,1,Don't know personally,1,Days,1,1,0,0,White,,Female,,,,
7353,7,5,4,Acquaintance,3,Days,1,0,0,88,Black or African American,,Female,,,,
7353,8,4,1,Don't know personally,4,Days,1,1,0,0,White,,Male,,,,
7353,9,3,6,Friend,2,Hours,1,0,0,5,White,,Female,,,,
7353,10,4,6,Friend,23,Minutes,1,0,0,6,White,,Male,,,,
7353,11,4,4,Acquaintance,2,Days,1,0,0,138,White,,Female,,,,
7353,12,3,4,Acquaintance,18,Hours,1,0,0,49,Black or African American,,Female,,,,
7353,13,2,2,Don't know personally,14,Hours,1,0,0,69,White,,Female,,,,
7353,14,2,6,Family,2,Days,1,0,0,17,White,,Female,,,,
7353,15,6,4,Acquaintance,16,Hours,1,0,0,82,White,,Female,,,,
7353,16,7,6,Family,4,Days,1,0,0,55,White,,Male,,,,
7353,17,2,3,Acquaintance,31,Minutes,1,0,0,49,White,,Male,,,,
7353,18,6,4,Acquaintance,23,Hours,1,0,0,180,White,,Female,,,,
7353,19,3,3,Acquaintance,4,Days,1,0,0,72,White,,Female,,,,
7353,20,2,4,Acquaintance,3,Days,1,0,0,148,White,,Male,,,,
7353,21,2,3,Acquaintance,3,Days,1,0,0,60,White,,Male,,,,
7353,22,4,4,Acquaintance,3,Days,1,0,0,3,White,,Female,,,,
7353,23,4,6,Friend,3,Days,1,0,0,36,White,,Male,,,,
7353,24,5,5,Acquaintance,16,Hours,1,0,0,3,White,,Female,,,,
7353,25,3,4,Acquaintance,8,Minutes,1,0,0,107,White,,Female,,,,
7353,26,3,5,Acquaintance,20,Hours,1,0,0,100,White,,Female,,,,
7353,27,3,4,Acquaintance,2,Days,1,0,0,116,Hispanic,,Female,,,,
7353,28,3,4,Acquaintance,1,Days,1,0,0,118,White,,Female,,,,
7353,29,4,3,Acquaintance,3,Days,1,0,0,111,White,,Female,,,,
7353,30,4,1,Don't know personally,4,Days,1,1,0,0,Asian,,Female,,,,
6579,1,6,4,Acquaintance,3,Hours,1,0,0,56,Asian,,Male,,,,
6579,2,4,2,Don't know personally,3,Days,1,0,0,8,Asian,,Female,,,,
6579,3,6,5,Acquaintance,1,Days,1,0,0,1,White,,Male,,,,
6579,4,2,4,Acquaintance,2,Days,1,0,0,56,Asian,,Male,,,,
6579,5,5,,,10,Hours,0,0,0,0,,,,,,,
6579,6,6,5,Acquaintance,1,Days,1,0,0,9,Asian,,Male,,,,
6579,7,2,5,Acquaintance,1,Days,1,0,0,0,Asian,,Female,,,,
6579,8,2,,,23,Hours,0,0,0,0,,,,,,,
6579,9,1,6,Friend,2,Days,1,0,0,6,Asian,,Male,,,,
6579,10,6,6,Friend,21,Hours,1,0,0,4,Asian,,Male,,,,
6579,11,5,3,Acquaintance,2,Days,1,0,0,5,White,,Male,,,,
6579,12,6,,,3,Days,0,0,0,0,,,,,,,
6579,13,2,1,Don't know personally,1,Days,1,1,0,0,Asian,,Male,,,,
6579,14,1,5,Acquaintance,1,Days,1,0,0,0,White,,Female,,,,
6579,15,5,,,18,Hours,0,0,0,0,,,,,,,
6579,16,6,2,Don't know personally,17,Hours,1,0,0,5,White,,Male,,,,
6579,17,2,5,Acquaintance,4,Hours,1,0,0,28,Asian,,Male,,,,
6579,18,6,5,Acquaintance,2,Days,1,0,0,9,Asian,,Male,,,,
6579,19,6,,,13,Hours,0,0,0,0,,,,,,,
6579,20,1,1,Don't know personally,1,Days,1,0,0,43,Asian,,Female,,,,
6579,21,6,,,1,Days,0,0,0,0,,,,,,,
6579,22,6,6,Friend,23,Hours,1,0,0,7,Asian,,Male,,,,
6579,23,1,2,Don't know personally,7,Days,1,0,0,69,Asian,,Male,,,,
6579,24,3,2,Don't know personally,1,Days,1,0,0,8,Asian,,Male,,,,
6579,25,4,1,Don't know personally,3,Days,1,0,0,0,White,,Male,,,,
6579,26,2,2,Don't know personally,2,Days,1,0,0,31,Asian,,Male,,,,
6579,27,2,1,Don't know personally,6,Hours,1,1,0,0,Asian,,Female,,,,
6579,28,5,1,Don't know personally,2,Days,1,0,0,0,White,,Female,,,,
6579,29,5,,,5,Minutes,0,0,0,0,,,,,,,
6579,30,1,1,Don't know personally,3,Hours,1,1,0,0,Asian,,Male,,,,
3204,1,6,1,Don't know personally,13,Minutes,1,1,0,0,Hispanic,,Female,,,,
3204,2,6,5,Acquaintance,1,Days,1,0,0,18,Hispanic,,Female,,,,
3204,3,7,7,Friend,2,Days,1,0,0,169,Hispanic,,Female,,,,
3204,4,4,1,Don't know personally,22,Hours,1,1,0,0,Hispanic,,Female,,,,
3204,5,2,1,Don't know personally,1,Days,1,1,0,0,Hispanic,,Male,,,,
3204,6,5,1,Don't know personally,2,Days,1,0,0,1,Hispanic,,Female,,,,
3204,7,4,3,Acquaintance,22,Hours,1,0,0,8,Hispanic,,Male,,,,
3204,8,6,1,Don't know personally,19,Hours,1,1,0,0,Hispanic,,Female,,,,
3204,9,4,,,21,Hours,0,0,0,0,,,,,,,
3204,10,5,1,Don't know personally,2,Hours,1,1,0,1,White,,Female,,,,
3204,11,3,4,Acquaintance,2,Days,1,0,0,66,Hispanic,,Male,,,,
3204,12,5,2,Don't know personally,2,Days,1,0,0,22,Hispanic,,Male,,,,
3204,13,3,5,Acquaintance,2,Days,1,0,0,18,Hispanic,,Female,,,,
3204,14,4,1,Don't know personally,2,Hours,1,1,0,0,Hispanic,,Female,,,,
3204,15,5,,,18,Hours,0,0,0,0,,,,,,,
3204,16,5,6,Friend,14,Hours,1,0,0,13,Hispanic,,Female,,,,
3204,17,4,2,Don't know personally,2,Days,1,0,0,2,Hispanic,,Female,,,,
3204,18,4,4,Acquaintance,3,Days,1,0,0,53,Hispanic,,Female,,,,
3204,19,3,1,Don't know personally,2,Days,1,1,0,0,Hispanic,,Female,,,,
3204,20,4,1,Don't know personally,6,Hours,1,1,0,0,Hispanic,,Female,,,,
3204,21,6,1,Don't know personally,3,Days,1,0,0,0,Hispanic,,Female,,,,
3204,22,6,6,Friend,2,Days,1,0,0,35,Hispanic,,Female,,,,
3204,23,4,1,Don't know personally,21,Hours,1,1,0,0,Hispanic,,Female,,,,
3204,24,6,,,4,Days,0,0,0,0,,,,,,,
3204,25,4,1,Don't know personally,1,Days,1,1,0,0,Hispanic,,Male,,,,
3204,26,5,1,Don't know personally,17,Hours,1,1,0,0,Hispanic,,Female,,,,
3204,27,4,1,Don't know personally,2,Days,1,1,0,0,Black or African American,,Female,,,,
3204,28,3,6,Friend,2,Days,1,0,0,18,Hispanic,,Female,,,,
3204,29,2,2,Don't know personally,1,Days,1,1,0,0,Hispanic,,Female,,,,
3204,30,5,5,Acquaintance,18,Hours,1,0,0,1,Hispanic,,Male,,,,
5822,1,2,1,Don't know personally,12,Minutes,1,1,0,0,White,,Female,,,,
5822,2,4,1,Don't know personally,14,Minutes,1,1,0,0,White,,Female,,,,
5822,3,5,1,Don't know personally,9,Minutes,1,1,0,1,White,,Female,,,,
5822,4,1,1,Don't know personally,5,Minutes,1,1,0,0,White,,Female,,,,
5822,5,5,,,7,Minutes,0,0,0,0,,,,,,,
5822,6,5,5,Acquaintance,3,Minutes,1,0,0,60,Black or African American,,Male,,,,
5822,7,4,1,Don't know personally,5,Minutes,1,1,0,1,White,,Female,,,,
5822,8,4,,,11,Minutes,0,0,0,0,,,,,,,
5822,9,1,1,Don't know personally,13,Minutes,1,1,0,0,White,,Male,,,,
5822,10,5,,,11,Minutes,0,0,0,0,,,,,,,
5822,11,3,1,Don't know personally,2,Minutes,1,1,0,1,White,,Female,,,,
5822,12,2,1,Don't know personally,1,Hours,1,1,0,0,White,,Female,,,,
5822,13,1,1,Don't know personally,19,Minutes,1,1,0,0,White,,Female,,,,
5822,14,1,1,Don't know personally,10,Minutes,1,1,0,0,White,,Female,,,,
5822,15,4,1,Don't know personally,8,Minutes,1,1,0,0,White,,Female,,,,
5822,16,1,1,Don't know personally,23,Minutes,1,1,0,0,White,,Female,,,,
5822,17,1,1,Don't know personally,11,Minutes,1,1,0,0,White,,Male,,,,
5822,18,2,1,Don't know personally,9,Minutes,1,1,0,0,White,,Female,,,,
5822,19,1,1,Don't know personally,16,Minutes,1,1,0,0,White,,Female,,,,
5822,20,1,1,Don't know personally,10,Minutes,1,1,0,0,White,,Female,,,,
5822,21,2,1,Don't know personally,26,Minutes,1,1,0,0,White,,Male,,,,
5822,22,1,1,Don't know personally,37,Minutes,1,1,0,0,White,,Female,,,,
5822,23,1,1,Don't know personally,1,Hours,1,1,0,0,Asian,,Female,,,,
5822,24,2,1,Don't know personally,1,Hours,1,1,0,0,White,,Male,,,,
5822,25,1,1,Don't know personally,1,Hours,1,1,0,0,White,,Female,,,,
5822,26,1,1,Don't know personally,1,Hours,1,1,0,0,White,,Female,,,,
5822,27,1,1,Don't know personally,1,Minutes,1,1,0,0,White,,Male,,,,
5822,28,3,1,Don't know personally,12,Minutes,1,1,0,0,White,,Male,,,,
5822,29,1,1,Don't know personally,13,Minutes,1,1,0,0,White,,Male,,,,
5822,30,1,1,Don't know personally,11,Minutes,1,1,0,0,White,,Female,,,,
8865,1,4,5,Acquaintance,2,Days,1,0,0,100,White,,Female,,,,
8865,2,7,7,Family,8,Days,1,0,0,15,White,,Male,,,,
8865,3,7,7,Family,2,Days,1,0,0,48,White,,Male,,,,
8865,4,5,7,Family,1,Days,1,0,0,15,White,,Male,,,,
8865,5,7,7,Friend,3,Days,1,0,0,23,White,,Female,,,,
8865,6,5,6,Friend,3,Days,1,0,0,15,White,,Female,,,,
8865,7,6,7,Family,2,Days,1,0,0,48,White,,Male,,,,
8865,8,3,5,Acquaintance,4,Days,1,0,0,100,White,,Female,,,,
8865,9,5,7,Family,6,Hours,1,0,0,29,White,,Female,,,,
8865,10,6,5,Acquaintance,2,Days,1,0,0,8,White,,Male,,,,
8865,11,3,6,Friend,6,Days,1,0,0,27,White,,Female,,,,
8865,12,6,7,Family,3,Days,1,0,0,48,White,,Male,,,,
8865,13,4,7,Family,2,Days,1,0,0,27,White,,Female,,,,
8865,14,4,6,Friend,6,Days,1,0,0,8,White,,Male,,,,
8865,15,5,7,Friend,2,Days,1,0,0,23,White,,Female,,,,
8865,16,6,6,Friend,1,Hours,1,0,0,9,White,,Female,,,,
8865,17,5,,,3,Days,0,0,0,0,,,,,,,
8865,18,7,7,Friend,6,Days,1,0,0,8,White,,Female,,,,
8865,19,4,6,Friend,15,Hours,1,0,0,27,White,,Female,,,,
8865,20,3,4,Acquaintance,2,Days,1,0,0,40,White,,Female,,,,
8865,21,5,7,Family,1,Hours,1,0,0,48,White,,Male,,,,
8865,22,6,7,Friend,2,Minutes,1,0,0,23,White,,Female,,,,
8865,23,5,6,Friend,6,Days,1,0,0,27,White,,Female,,,,
8865,24,2,5,Acquaintance,4,Days,1,0,0,100,White,,Female,,,,
8865,25,5,7,Family,2,Days,1,0,0,29,White,,Female,,,,
8865,26,6,4,Acquaintance,1,Hours,1,0,0,19,White,,Male,,,,
8865,27,6,7,Friend,3,Days,1,0,0,8,White,,Female,,,,
8865,28,4,4,Acquaintance,3,Days,1,0,0,25,White,,Male,,,,
8865,29,2,3,Acquaintance,11,Hours,1,1,0,0,White,,Female,,,,
8865,30,2,4,Acquaintance,4,Days,1,0,0,12,White,,Female,,,,
5844,1,7,1,Don't know personally,4,Days,1,0,0,117,Hispanic,,Female,,,,
5844,2,5,1,Don't know personally,7,Days,1,0,0,5,Black or African American,,Female,,,,
5844,3,3,1,Don't know personally,3,Days,1,0,0,8,White,,Female,,,,
5844,4,2,5,Acquaintance,13,Hours,1,0,0,72,Black or African American,,Female,,,,
5844,5,1,6,Friend,14,Hours,1,0,0,424,White,,Female,,,,
5844,6,1,3,Acquaintance,13,Hours,1,0,0,308,Asian,,Male,,,,
5844,7,2,3,Acquaintance,13,Hours,1,0,0,93,White,,Female,,,,
5844,8,1,2,Don't know personally,14,Hours,1,0,0,43,White,,Male,,,,
5844,9,6,6,Friend,25,Minutes,1,0,0,475,Black or African American,,Male,,,,
5844,10,4,5,Acquaintance,14,Hours,1,0,0,93,White,,Female,,,,
5844,11,1,1,Don't know personally,6,Days,1,0,0,186,White,,Male,,,,
5844,12,2,1,Don't know personally,1,Days,1,0,0,117,Hispanic,,Female,,,,
5844,13,5,6,Friend,6,Hours,1,0,0,424,White,,Female,,,,
5844,14,5,5,Acquaintance,1,Days,1,0,0,172,White,,Female,,,,
5844,15,3,1,Don't know personally,2,Days,1,0,0,2,White,,Female,,,,
5844,16,1,4,Acquaintance,22,Hours,1,0,0,93,White,,Female,,,,
5844,17,4,4,Acquaintance,1,Days,1,0,0,308,White,,Female,,,,
5844,18,1,2,Don't know personally,1,Days,1,0,0,304,White,,Male,,,,
5844,19,3,5,Acquaintance,3,Days,1,0,0,308,Asian,,Male,,,,
5844,20,1,1,Don't know personally,15,Hours,1,0,0,69,White,,Female,,,,
5844,21,6,3,Acquaintance,18,Hours,1,0,0,327,White,,Female,,,,
5844,22,7,5,Acquaintance,2,Days,1,0,0,212,White,,Female,,,,
5844,23,1,4,Acquaintance,15,Hours,1,0,0,93,White,,Female,,,,
5844,24,4,1,Don't know personally,23,Hours,1,0,0,43,White,,Male,,,,
5844,25,1,1,Don't know personally,18,Hours,1,0,0,202,White,,Female,,,,
5844,26,6,2,Don't know personally,21,Hours,1,0,0,15,White,,Female,,,,
5844,27,6,4,Acquaintance,1,Hours,1,0,0,163,White,,Female,,,,
5844,28,1,1,Don't know personally,1,Days,1,0,0,43,White,,Male,,,,
5844,29,4,1,Don't know personally,17,Hours,1,0,0,51,White,,Male,,,,
5844,30,5,1,Don't know personally,3,Days,1,0,0,15,White,,Female,,,,
6573,1,1,1,Don't know personally,13,Hours,1,0,0,3,White,,Male,,,,
6573,2,3,2,Acquaintance,2,Hours,1,0,0,23,White,,Female,,,,
6573,3,4,3,Acquaintance,10,Hours,1,0,0,13,White,,Female,,,,
6573,4,1,,,16,Hours,0,0,0,,,,,"""_____ commented""",,,
6573,5,3,6,Friend,39,Minutes,1,0,0,9,White,,Male,,,,
6573,6,1,3,Acquaintance,2,Hours,1,0,0,19,White,,Female,,,,
6573,7,1,1,Don't know personally,1,Hours,1,0,0,37,White,,Female,,,,
6573,8,1,2,Acquaintance,1,Hours,1,0,0,0,White,,Female,,,,
6573,9,3,1,Don't know personally,10,Hours,1,0,0,3,Black or African American,,Female,,,,
6573,10,1,3,Acquaintance,1,Hours,1,0,0,1,Black or African American,,Male,,,,
6573,11,5,,,1,Days,0,0,0,,,,,Suggested Post,,,
6573,12,1,1,Don't know personally,14,Hours,1,0,0,2,White,,Female,Person A,,,
6573,13,4,1,Don't know personally,15,Hours,1,0,0,29,White,,Male,,,,
6573,14,5,,,11,Days,0,0,0,,,,,,,,
6573,15,1,4,Friend,15,Hours,1,0,0,16,Hispanic,,Female,,,,
6573,16,4,2,Acquaintance,3,Hours,1,0,0,0,White,,Male,,,,
6573,17,4,4,Friend,8,Minutes,1,0,0,7,White,,Female,,,,
6573,18,1,1,Don't know personally,2,Hours,1,0,0,6,Hispanic,,Male,,,,
6573,19,4,3,Acquaintance,14,Hours,1,0,0,10,White,,Female,,,,
6573,20,1,1,Don't know personally,15,Hours,1,0,0,1,Hispanic,,Female,"""_____ was tagged.""",,,
6573,21,1,,,3,Days,0,0,0,,,,,"""Person A commented""",,,
6573,22,3,,,23,Hours,0,0,0,,,,,,,,
6573,23,1,1,Don't know personally,3,Days,1,0,0,2,White,,Female,Person A,,,
6573,24,1,1,Don't know personally,3,Days,1,0,0,2,White,,Female,Person A,,,
6573,25,3,1,Don't know personally,2,Hours,1,0,0,6,Hispanic,,Male,"Something went wrong"" error popped up, the Participant reloaded the page",,,
6573,26,4,6,Friend,5,Minutes,1,0,0,9,White,,Male,,,,
6573,27,1,1,Don't know personally,14,Hours,1,0,0,2,White,,Female,Person A,,,
6573,28,1,3,Acquaintance,49,Minutes,1,0,0,15,White,,Female,,,,
6573,29,1,1,Don't know personally,13,Hours,1,0,0,3,White,,Male,,,,
6573,30,5,4,Friend,54,Minutes,1,0,0,19,White,,Male,,,,
3141,1,4,2,Acquaintance,19,Hours,1,1,0,7,White,,Male,Group A,,,
3141,2,3,3,Acquaintance,23,Hours,1,0,0,3,,,,Unidentifiable,,,
3141,3,5,,,18,Hours,0,0,0,,,,,,,,
3141,4,2,2,Acquaintance,6,Hours,1,0,0,13,White,,Male,,,,
3141,5,3,1,Don't know personally,16,Hours,1,1,0,0,White,,Male,Group A,,,
3141,6,1,1,Don't know personally,20,Hours,1,1,0,0,White,,Male,,,,
3141,7,1,1,Don't know personally,21,Hours,1,0,0,3,White,,Male,,,,
3141,8,2,1,Don't know personally,16,Hours,1,1,0,0,White,,Male,,,,
3141,9,2,3,Acquaintance,14,Hours,1,0,0,2,White,,Female,,,,
3141,10,4,1,Don't know personally,11,Hours,1,0,0,8,White,,Male,,,,
3141,11,3,3,Acquaintance,3,Days,1,0,0,15,White,,Female,,,,
3141,12,3,4,Friend,3,Days,1,0,0,43,Black or African American,,Female,,,,
3141,13,4,3,Acquaintance,2,Hours,1,0,0,16,White,,Female,,,,
3141,14,3,3,Acquaintance,2,Hours,1,0,0,30,Black or African American,,Female,,,,
3141,15,5,3,Acquaintance,4,Days,1,0,0,2,White,,Female,,,,
3141,16,7,2,Acquaintance,20,Hours,1,0,0,4,White,,Female,,,,
3141,17,2,2,Acquaintance,3,Days,1,0,0,4,White,,Female,,,,
3141,18,4,1,Don't know personally,3,Days,1,1,0,0,White,,Male,Group A,,,
3141,19,1,,,2,Hours,0,0,0,,,,,,,,
3141,20,3,3,Acquaintance,24,Days,1,0,0,6,White,,Female,,,,
3141,21,2,2,Acquaintance,3,Days,1,0,0,6,White,,Female,,,,
3141,22,3,3,Acquaintance,3,Days,1,0,0,16,White,,Female,,,,
3141,23,4,5,Friend,2,Minutes,1,0,0,42,Hispanic,,Female,,,,
3141,24,2,3,Acquaintance,5,Hours,1,0,0,1,White,,Female,,,,
3141,25,4,3,Acquaintance,3,Days,1,0,0,15,White,,Female,,,,
3141,26,2,,,9,Minutes,0,0,0,,,,,,,,
3141,27,2,3,Acquaintance,2,Hours,1,0,0,30,Black or African American,,Female,,,,
3141,28,1,2,Acquaintance,3,Hours,1,0,0,7,White,,Male,,,,
3141,29,1,2,Acquaintance,5,Hours,1,0,0,7,Asian,,Female,,,,
3141,30,2,1,Don't know personally,2,Days,1,0,0,13,White,,Male,,,,
8097,1,1,7,Friend,7,Hours,1,0,0,4,Black or African American,,Male,,,,
8097,2,7,,,7,Hours,0,0,0,0,,,,,,,
8097,3,7,1,Don't know personally,6,Hours,1,1,0,0,White,,Male,,,,
8097,4,7,7,Family,1,Hours,1,0,0,5,Black or African American,,Male,,,,
8097,5,7,7,Friend,5,Days,1,0,0,152,White,,Male,,,,
8097,6,7,7,Family,3,Days,1,0,0,63,Black or African American,,Male,,,,
8097,7,7,1,Don't know personally,5,Hours,1,1,0,0,Black or African American,,Male,,,,
8097,8,7,7,Family,1,Days,1,0,0,38,Black or African American,,Male,,,,
8097,9,7,7,Friend,1,Days,1,0,0,3,Black or African American,,Female,,,,
8097,10,7,7,Friend,7,Hours,1,0,0,4,Black or African American,,Male,,,,
8097,11,5,7,Friend,4,Days,1,0,0,4,Black or African American,,Male,,,,
8097,12,4,1,Don't know personally,2,Days,1,0,0,3,Black or African American,,Male,,,,
8097,13,1,1,Don't know personally,2,Days,1,0,0,1,Black or African American,,Female,,,,
8097,14,7,1,Don't know personally,6,Hours,1,1,0,0,Other,,Non-binary,Non Identifiable ,,,
8097,15,7,7,Friend,4,Days,1,1,0,0,Black or African American,,Male,,,,
8097,16,7,1,Don't know personally,2,Days,1,1,0,0,White,,Female,,,,
8097,17,1,4,Acquaintance,16,Hours,1,0,0,18,Black or African American,,Female,,,,
8097,18,7,1,Don't know personally,4,Days,1,1,0,0,White,,Male,,,,
8097,19,7,7,Family,3,Days,1,0,0,38,Black or African American,,Male,,,,
8097,20,7,5,Acquaintance,10,Hours,1,0,0,10,Black or African American,,Male,,,,
8097,21,6,7,Family,14,Hours,1,0,0,63,Black or African American,,Male,,,,
8097,22,1,7,Friend,20,Hours,1,0,0,122,Black or African American,,Male,,,,
8097,23,7,1,Don't know personally,3,Days,1,0,0,1,Black or African American,,Male,,,,
8097,24,7,7,Family,1,Hours,1,0,0,9,Black or African American,,Male,,,,
8097,25,7,1,Don't know personally,19,Hours,1,1,0,0,Black or African American,,Female,,,,
8097,26,7,1,Don't know personally,2,Days,1,1,0,0,White,,Female,,,,
8097,27,1,1,Don't know personally,21,Hours,1,1,0,0,Hispanic,,Non-binary,,,,
8097,28,5,1,Don't know personally,15,Hours,1,1,0,0,Black or African American,,Male,,,,
8097,29,7,1,Don't know personally,3,Days,1,1,0,0,White,,Male,,,,
8097,30,7,7,Friend,17,Hours,1,0,0,,Black or African American,,Male,,,,
5363,1,2,1,Don't know personally,13,Minutes,1,1,0,0,White,,Female,Group A,,,Group A
5363,2,3,2,Acquaintance,5,Minutes,1,1,0,1,Hispanic,,Male,Group B,,,Group A; Unidentifiable
5363,3,4,1,Don't know personally,28,Minutes,1,1,0,0,White,,Female,Group C,,,
5363,4,1,1,Don't know personally,29,Minutes,1,1,0,0,White,,Female,,,,Group C
5363,5,1,1,Don't know personally,48,Minutes,1,1,0,0,Black or African American,,Female,,,,
5363,6,3,,,8,Hours,0,0,0,,,,,,,,Group B
5363,7,2,,,5,Hours,0,0,0,,,,,,,,Group E
5363,8,1,1,Don't know personally,9,Hours,1,1,0,0,Hispanic,,Female,Group D,,,
5363,9,2,1,Don't know personally,3,Hours,1,1,0,0,Hispanic,,Female,,,,
5363,10,1,,,21,Minutes,0,0,0,,,,,,,,
5363,11,2,1,Don't know personally,3,Days,1,1,0,0,Asian,,Male,Group D,,,
5363,12,2,,,2,Days,0,0,0,,,,,,,,
5363,13,1,,,2,Days,0,0,0,,,,,Suggested Post,,,
5363,14,2,1,Don't know personally,53,Minutes,1,1,0,0,Black or African American,,Female,,,,
5363,15,3,1,Don't know personally,4,Minutes,1,1,0,0,White,,Female,,,,
5363,16,4,,,8,Hours,0,0,0,,,,,,,,
5363,17,2,1,Don't know personally,9,Hours,1,1,0,0,White,,Female,Group E,,,
5363,18,6,5,Friend,9,Hours,1,0,0,7,White,,Non-binary,,,,
5363,19,1,,,22,Hours,0,0,0,,,,,Suggested Post,,,
5363,20,3,1,Don't know personally,24,Minutes,1,1,0,0,White,,Female,Bundled Post - A person posted the same post in 2 groups,,,
5363,21,6,7,Friend,2,Hours,1,0,0,5,White,,Female,,,,
5363,22,4,3,Family,6,Hours,1,0,0,0,White,,Female,,,,
5363,23,2,,,25,Days,0,0,0,,,,,Suggested Event,,,
5363,24,5,5,Friend,1,Hours,1,0,0,7,White,,Non-binary,,,,
5363,25,2,1,Don't know personally,5,Minutes,1,1,0,0,Asian,,Female,,,,
5363,26,1,1,Don't know personally,3,Minutes,1,1,0,0,White,,Male,Group D,,,
5363,27,1,1,Don't know personally,3,Minutes,1,1,0,0,White,,Female,Group C,,,
5363,28,1,,,3,Days,0,0,0,,,,,Suggested Post,,,
5363,29,3,1,Don't know personally,11,Hours,1,1,0,0,Hispanic,,Male,,,,
5363,30,3,1,Don't know personally,24,Minutes,1,1,0,0,Asian,,Female,Group E,,,
3817,1,4,7,Family,2,Hours,1,0,0,24,Asian,,Female,,,,
3817,2,6,1,Don't know personally,16,Minutes,1,1,0,0,White,,Female,,,,
3817,3,1,1,Don't know personally,1,Days,1,1,0,0,White,,Female,,,,
3817,4,2,1,Don't know personally,3,Hours,1,1,0,0,Other,,Non-binary,Unidentifiable,,,
3817,5,2,4,Acquaintance,4,Days,1,1,0,45,White,,Female,,,,
3817,6,3,7,Family,2,Days,1,0,0,24,Asian,,Female,,,,
3817,7,5,,,23,Hours,0,0,0,0,,,,,,,
3817,8,3,5,Acquaintance,1,Days,1,0,0,15,White,,Female,,,,
3817,9,1,1,Don't know personally,3,Hours,1,1,0,56,Asian,,Male,,,,
3817,10,2,1,Don't know personally,12,Hours,1,1,0,0,White,,Male,,,,
3817,11,2,1,Don't know personally,23,Hours,1,1,0,56,Asian,,Male,,,,
3817,12,2,4,Acquaintance,3,Days,1,1,0,37,White,,Female,,,,
3817,13,1,,,2,Days,0,0,0,0,,,,,,,
3817,14,4,1,Don't know personally,23,Hours,1,1,0,10,White,,Female,,,,
3817,15,5,5,Family,2,Days,1,0,0,6,White,,Female,,,,
3817,16,5,,,3,Hours,0,0,0,0,,,,,,,
3817,17,1,4,Acquaintance,3,Days,1,1,0,25,Asian,,Female,,,,
3817,18,5,3,Acquaintance,4,Hours,1,0,0,62,White,,Female,,,,
3817,19,7,1,Don't know personally,2,Days,1,1,0,0,White,,Female,,,,
3817,20,6,5,Family,2,Days,1,0,0,6,White,,Female,,,,
3817,21,5,5,Acquaintance,1,Days,1,0,0,5,Asian,,Female,,,,
3817,22,6,,,1,Days,0,0,0,0,,,,,,,
3817,23,7,1,Don't know personally,2,Days,1,1,0,0,White,,Female,,,,
3817,24,6,4,Acquaintance,16,Hours,1,0,0,44,White,,Female,,,,
3817,25,5,5,Acquaintance,13,Hours,1,0,0,26,Black or African American,,Female,,,,
3817,26,4,4,Acquaintance,21,Hours,1,0,0,31,White,,Female,,,,
3817,27,4,,,1,Days,0,0,0,0,,,,,,,
3817,28,5,,,1,Days,0,0,0,0,,,,,,,
3817,29,4,4,Acquaintance,2,Hours,1,0,0,68,White,,Female,,,,
3817,30,6,1,Don't know personally,2,Days,1,1,0,0,White,,Male,,,,
1736,1,7,6,Friend,2,Days,1,0,0,130,Hispanic,,Male,,,,
1736,2,6,6,Friend,7,Days,1,0,0,64,Asian,,Female,,,,
1736,3,2,4,Acquaintance,2,Days,1,0,0,28,White,,Male,,,,
1736,4,3,7,Family,1,Days,1,0,0,43,Asian,,Female,,,,
1736,5,1,4,Acquaintance,3,Days,1,0,0,257,Asian,,Male,,,,
1736,6,2,6,Friend,3,Days,1,0,0,2,White,,Female,,,,
1736,7,6,3,Acquaintance,2,Days,1,0,0,122,White,,Female,,,,
1736,8,1,3,Acquaintance,56,Minutes,1,0,0,58,Asian,,Female,,,,
1736,9,6,3,Acquaintance,20,Minutes,1,0,0,24,White,,Female,,,,
1736,10,1,2,Don't know personally,4,Days,1,0,0,21,Asian,,Male,,,,
1736,11,5,4,Acquaintance,3,Days,1,0,0,18,White,,Female,,,,
1736,12,3,3,Acquaintance,14,Hours,1,0,0,26,White,,Female,,,,
1736,13,5,3,Acquaintance,4,Days,1,0,0,11,Asian,,Female,,,,
1736,14,5,,,2,Days,0,0,0,0,,,,,,,
1736,15,3,3,Acquaintance,1,Hours,1,0,0,58,Asian,,Female,,,,
1736,16,1,3,Acquaintance,2,Days,1,0,0,10,Asian,,Female,,,,
1736,17,4,1,Don't know personally,4,Days,1,0,0,35,Asian,,Female,,,,
1736,18,2,4,Acquaintance,2,Days,1,0,0,18,White,,Female,,,,
1736,19,1,2,Don't know personally,3,Days,1,0,0,43,Asian,,Male,,,,
1736,20,2,5,Acquaintance,1,Days,1,0,0,59,White,,Male,,,,
1736,21,5,1,Don't know personally,2,Hours,1,0,0,5,White,,Female,,,,
1736,22,1,1,Don't know personally,6,Days,1,0,0,105,Asian,,Female,,,,
1736,23,1,2,Don't know personally,8,Hours,1,0,0,8,White,,Female,,,,
1736,24,5,4,Acquaintance,5,Days,1,0,0,97,White,,Female,,,,
1736,25,3,2,Don't know personally,4,Hours,1,0,0,29,White,,Female,,,,
1736,26,1,2,Don't know personally,4,Hours,1,0,0,8,White,,Male,,,,
1736,27,4,1,Don't know personally,12,Hours,1,0,0,6,Asian,,Female,,,,
1736,28,4,4,Acquaintance,2,Days,1,0,0,80,White,,Male,,,,
1736,29,5,1,Don't know personally,9,Minutes,1,0,0,5,White,,Female,,,,
1736,30,6,3,Acquaintance,2,Minutes,1,0,0,70,White,,Female,,,,
6258,1,6,,,7,Minutes,0,0,0,,,,,,,,
6258,2,4,7,Friend,9,Hours,1,0,0,72,Black or African American,,Male,,,,
6258,3,7,,,1,Hours,0,0,0,,,,,Page A,,,
6258,4,2,1,Don't know personally,7,Minutes,1,1,0,12,Black or African American,,Female,Group A,,,
6258,5,3,,,4,Hours,0,0,0,,,,,Page B,,,
6258,6,3,,,2,Hours,0,0,0,,,,,,,,
6258,7,3,4,Acquaintance,2,Hours,1,0,0,9,Black or African American,,Female,,,,
6258,8,5,,,2,Hours,0,0,0,,,,,,,,
6258,9,6,7,Friend,1,Hours,1,0,0,67,Black or African American,,Male,,,,
6258,10,2,1,Don't know personally,1,Hours,1,0,0,4,Black or African American,,Male,,,,
6258,11,4,4,Friend,1,Minutes,1,0,0,33,Black or African American,,Female,,,,
6258,12,1,1,Don't know personally,4,Minutes,1,0,0,19,Black or African American,,Female,,,,
6258,13,7,,,4,Hours,0,0,0,,,,,Page C,,,
6258,14,3,,,3,Days,0,0,0,,,,,Suggested Post,,,
6258,15,4,,,3,Hours,0,0,0,,,,,Page B,,,
6258,16,5,6,Friend,4,Days,1,0,0,74,Black or African American,,Female,,,,
6258,17,1,1,Don't know personally,5,Hours,1,1,0,4,Black or African American,,Male,,,,
6258,18,1,,,1,Days,0,0,0,,,,,Suggested Post,,,
6258,19,2,2,Acquaintance,2,Hours,1,0,0,6,Black or African American,,Male,,,,
6258,20,5,5,Friend,2,Hours,1,0,0,109,,,,Unidentifiable,,,
6258,21,5,,,5,Hours,0,0,0,,,,,,,,
6258,22,6,,,3,Days,0,0,0,,,,,Suggested Post,,,
6258,23,1,1,Don't know personally,2,Hours,1,1,0,3,Black or African American,,Male,Group A,,,
6258,24,2,,,17,Minutes,0,0,0,,,,,,,,
6258,25,1,1,Don't know personally,3,Hours,1,0,0,16,Black or African American,,Male,,,,
6258,26,4,3,Acquaintance,10,Minutes,1,0,0,22,Black or African American,,Male,Person A,,,
6258,27,5,,,2,Days,0,0,0,,,,,Suggested Post,,,
6258,28,6,6,Friend,47,Minutes,1,0,0,412,Black or African American,,Male,,,,
6258,29,3,,,2,Minutes,0,0,0,,,,,,,,
6258,30,2,3,Acquaintance,5,Minutes,1,0,0,22,Black or African American,,Male,Person A,,,
6947,1,6,,,22,Hours,0,0,0,0,,,,,,,
6947,2,5,4,Acquaintance,1,Days,1,0,0,32,Asian,,Female,,,,
6947,3,6,3,Acquaintance,6,Days,1,0,0,88,White,,Female,,,,
6947,4,4,2,Don't know personally,7,Hours,1,0,0,8,Asian,,Female,,,,
6947,5,7,,,10,Minutes,0,0,0,0,,,,,,,
6947,6,6,,,1,Days,0,0,0,0,,,,,,,
6947,7,4,5,Acquaintance,2,Days,1,0,0,120,Hispanic,,Male,,,,
6947,8,4,4,Acquaintance,4,Days,1,0,0,5,Asian,,Female,,,,
6947,9,4,3,Acquaintance,2,Days,1,1,0,0,White,,Male,,,,
6947,10,1,6,Friend,2,Days,1,0,0,2,White,,Male,,,,
6947,11,4,2,Don't know personally,4,Days,1,0,0,8,Asian,,Male,,,,
6947,12,6,,,1,Days,0,0,0,0,,,,,,,
6947,13,1,6,Friend,4,Days,1,0,0,2,White,,Male,,,,
6947,14,6,,,3,Days,0,0,0,0,,,,,,,
6947,15,6,4,Acquaintance,1,Days,1,0,0,111,Asian,,Male,,,,
6947,16,2,3,Acquaintance,2,Days,1,1,0,1,White,,Female,,,,
6947,17,3,2,Don't know personally,2,Hours,1,1,0,0,Asian,,Male,,,,
6947,18,2,6,Friend,51,Minutes,1,0,0,2,White,,Male,,,,
6947,19,6,,,1,Days,0,0,0,0,,,,,,,
6947,20,1,6,Friend,2,Days,1,0,0,2,White,,Male,,,,
6947,21,5,3,Acquaintance,2,Days,1,1,0,0,White,,Female,,,,
6947,22,4,,,1,Days,0,0,0,0,,,,,,,
6947,23,1,6,Friend,1,Days,1,0,0,2,White,,Male,,,,
6947,24,6,,,2,Days,0,0,0,0,,,,,,,
6947,25,1,6,Friend,3,Days,1,0,0,2,White,,Male,,,,
6947,26,5,4,Acquaintance,2,Days,1,1,0,1,White,,Female,,,,
6947,27,1,6,Friend,1,Hours,1,0,0,2,White,,Male,,,,
6947,28,1,6,Friend,4,Days,1,0,0,2,White,,Male,,,,
6947,29,4,6,Friend,2,Days,1,0,0,2,White,,Male,,,,
6947,30,4,4,Acquaintance,4,Days,1,0,0,5,Asian,,Female,,,,
8823,1,3,5,Acquaintance,34,Minutes,1,0,0,13,Asian,,Female,,,,
8823,2,2,1,Don't know personally,58,Minutes,1,1,0,0,White,,Male,,,,
8823,3,4,,,26,Minutes,0,0,0,,,,,,,,
8823,4,2,1,Don't know personally,53,Minutes,1,0,0,5,White,,Female,"""_____ was tagged""","""_____ was tagged""",,
8823,5,2,1,Don't know personally,1,Hours,1,1,0,0,White,,Male,,,,
8823,6,3,1,Don't know personally,4,Minutes,1,1,0,0,White,,Male,,,,
8823,7,3,1,Don't know personally,20,Hours,1,1,0,0,White,,Female,,,,
8823,8,2,1,Don't know personally,3,Days,1,1,0,0,Black or African American,,Male,,,,
8823,9,1,,,1,Days,0,0,0,,,,,,,,
8823,10,1,1,Don't know personally,1,Days,1,1,0,0,White,,Male,,,,
8823,11,3,1,Don't know personally,1,Hours,1,1,0,0,White,,Male,,,,
8823,12,4,1,Don't know personally,58,Minutes,1,1,0,1,White,,Male,,,,
8823,13,3,,,2,Days,0,0,0,,,,,,,,
8823,14,2,,,23,Hours,0,0,0,,,,,Suggested Post,,,
8823,15,4,1,Don't know personally,1,Hours,1,1,0,0,White,,Male,,,,
8823,16,1,1,Don't know personally,33,Minutes,1,1,0,0,Asian,,Female,,,,
8823,17,2,,,14,Hours,0,0,0,,,,,Suggested Post,,,
8823,18,3,1,Don't know personally,24,Minutes,1,1,0,25,White,,Male,,,,
8823,19,2,1,Don't know personally,2,Hours,1,1,0,1,White,,Male,,,,
8823,20,4,,,3,Days,0,0,0,,,,,,,,
8823,21,5,,,27,Minutes,0,0,0,,,,,,,,
8823,22,3,,,4,Minutes,0,0,0,,,,,,,,
8823,23,1,,,15,Hours,0,0,0,,,,,Suggested Post,,,
8823,24,5,,,2,Days,0,0,0,,,,,,,,
8823,25,4,,,3,Days,0,0,0,,,,,,,,
8823,26,1,1,Don't know personally,3,Hours,1,1,0,0,White,,Male,,,,
8823,27,1,1,Don't know personally,20,Hours,1,1,0,0,White,,Female,,,,
8823,28,4,,,3,Days,0,0,0,,,,,Suggested Post,,,
8823,29,3,1,Don't know personally,3,Hours,1,1,0,0,White,,Male,,,,
8823,30,2,,,23,Hours,0,0,0,,,,,,,,
5481,1,3,6,Friend,22,Hours,1,0,0,10,White,,Female,Person A,,,
5481,2,6,6,Friend,1,Days,1,0,0,16,White,,Female,,,,
5481,3,2,,,2,Days,0,0,0,,,,,Page A,,,
5481,4,1,6,Friend,21,Hours,1,0,0,16,White,,Female,Person A,,,
5481,5,1,3,Acquaintance,1,Days,1,0,0,122,White,,Female,,,,
5481,6,4,4,Acquaintance,2,Days,1,0,0,7,White,,Female,,,,
5481,7,3,,,2,Days,0,0,0,,,,,Page A - Same post of live video as previous showing of this page,,,
5481,8,1,1,Don't know personally,17,Hours,1,0,0,14,Asian,,Female,,,,
5481,9,3,7,Family,2,Hours,1,0,0,23,White,,Male,,,,
5481,10,2,1,Don't know personally,1,Hours,1,0,0,7,Hispanic,,Female,,,,
5481,11,2,3,Acquaintance,18,Hours,1,0,0,17,White,,Female,,,,
5481,12,1,,,2,Days,0,0,0,,,,,,,,
5481,13,2,7,Family,1,Days,1,0,0,23,White,,Male,,,,
5481,14,5,,,2,Days,0,0,0,,,,,,,,
5481,15,3,3,Acquaintance,5,Days,1,0,0,14,White,,Female,,,,
5481,16,1,2,Acquaintance,2,Days,1,0,0,71,White,,Male,,,,
5481,17,3,3,Acquaintance,7,Days,1,0,0,11,Black or African American,,Male,,,,
5481,18,3,,,2,Days,0,0,0,,,,,,,,
5481,19,1,1,Don't know personally,2,Days,1,0,0,8,White,,Female,,,,
5481,20,4,6,Friend,15,Hours,1,0,0,8,White,,Female,,,,
5481,21,3,,,3,Days,0,0,0,,,,,Page A,,,
5481,22,3,6,Friend,15,Hours,1,0,0,10,White,,Female,Person A,,,
5481,23,1,1,Don't know personally,2,Days,1,0,0,42,White,,Female,,,,
5481,24,1,2,Acquaintance,1,Days,1,0,0,42,White,,Male,,,,
5481,25,1,2,Acquaintance,2,Days,1,0,0,28,White,,Male,,,,
5481,26,2,3,Acquaintance,2,Days,1,0,0,22,White,,Female,,,,
5481,27,3,3,Acquaintance,7,Days,1,0,0,11,White,,Female,,,,
5481,28,1,2,Acquaintance,2,Days,1,0,0,17,White,,Female,,,,
5481,29,2,2,Acquaintance,2,Days,1,0,0,106,White,,Female,,,,
5481,30,4,3,Acquaintance,1,Days,1,0,0,22,Black or African American,,Male,,,,
8406,1,7,1,Don't know personally,8,Hours,1,1,0,0,White,,Male,,,,
8406,2,2,1,Don't know personally,1,Hours,1,1,0,0,Asian,,Female,,,,
8406,3,4,1,Don't know personally,13,Hours,1,1,0,0,Asian,,Male,,,,
8406,4,7,2,Don't know personally,3,Hours,1,1,0,19,Asian,,Male,,,,
8406,5,6,7,Friend,7,Hours,1,0,0,205,Asian,,Male,,,,
8406,6,5,1,Don't know personally,8,Hours,1,1,0,0,Asian,,Male,,,,
8406,7,4,2,Don't know personally,1,Days,1,0,0,19,Asian,,Male,,,,
8406,8,5,1,Don't know personally,4,Days,1,1,0,0,Asian,,Male,,,,
8406,9,7,1,Don't know personally,8,Hours,1,1,0,0,White,,Female,,,,
8406,10,3,,,2,Days,0,0,0,0,,,,,,,
8406,11,3,1,Don't know personally,1,Days,1,1,0,0,Asian,,Male,,,,
8406,12,5,1,Don't know personally,4,Hours,1,1,0,0,Asian,,Male,,,,
8406,13,2,,,1,Hours,0,0,0,0,,,,,,,
8406,14,6,1,Don't know personally,8,Hours,1,1,0,0,Asian,,Male,,,,
8406,15,7,1,Don't know personally,2,Hours,1,1,0,1,Asian,,Female,,,,
8406,16,1,,,2,Hours,0,0,0,0,,,,,,,
8406,17,1,1,Don't know personally,10,Hours,1,1,0,0,Asian,,Male,,,,
8406,18,6,1,Don't know personally,2,Hours,1,1,0,0,Asian,,Female,,,,
8406,19,2,,,3,Days,0,0,0,0,,,,,,,
8406,20,2,,,1,Hours,0,0,0,0,,,,,,,
8406,21,3,1,Don't know personally,1,Hours,1,1,0,0,White,,Female,,,,
8406,22,7,1,Don't know personally,4,Hours,1,1,0,0,Asian,,Male,,,,
8406,23,3,1,Don't know personally,16,Hours,1,1,0,0,White,,Female,,,,
8406,24,1,1,Don't know personally,7,Hours,1,1,0,0,Asian,,Male,,,,
8406,25,7,1,Don't know personally,2,Days,1,1,0,0,Asian,,Female,,,,
8406,26,2,,,17,Hours,0,0,0,0,,,,,,,
8406,27,4,7,Friend,9,Hours,1,0,0,214,Asian,,Female,,,,
8406,28,7,1,Don't know personally,9,Hours,1,1,0,0,White,,Male,,,,
8406,29,6,6,Friend,2,Days,1,0,0,103,Asian,,Female,,,,
8406,30,4,1,Don't know personally,2,Days,1,1,0,0,Asian,,Male,,,,
5222,1,5,1,Don't know personally,1,Days,1,1,0,0,White,,Male,,,,
5222,2,6,5,Acquaintance,6,Hours,1,0,0,3,White,,Male,,,,
5222,3,4,6,Friend,1,Days,1,0,0,48,White,,Female,,,,
5222,4,5,,,20,Hours,0,0,0,0,,,,,,,
5222,5,5,4,Acquaintance,2,Days,1,1,0,14,White,,Female,,,,
5222,6,6,,,5,Days,0,0,0,0,,,,,,,
5222,7,4,,,1,Days,0,0,0,0,,,,,,,
5222,8,5,7,Family,3,Days,1,0,0,156,White,,Female,,,,
5222,9,6,5,Acquaintance,3,Days,1,0,0,3,White,,Female,,,,
5222,10,6,,,1,Days,0,0,0,0,,,,,,,
5222,11,4,1,Don't know personally,3,Hours,1,1,0,0,Other,,Non-binary,Unidentifiable,,,
5222,12,6,,,22,Hours,0,0,0,0,,,,,,,
5222,13,6,5,Acquaintance,1,Days,1,0,0,3,White,,Male,,,,
5222,14,3,1,Don't know personally,34,Minutes,1,1,0,0,White,,Male,,,,
5222,15,6,,,1,Days,0,0,0,0,,,,,,,
5222,16,3,1,Don't know personally,2,Days,1,1,0,0,White,,Female,,,,
5222,17,4,1,Don't know personally,1,Days,1,1,0,0,White,,Female,,,,
5222,18,4,,,6,Days,0,0,0,0,,,,,,,
5222,19,5,,,2,Days,0,0,0,0,,,,,,,
5222,20,5,1,Don't know personally,2,Days,1,1,0,0,White,,Female,,,,
5222,21,6,,,2,Days,0,0,0,0,,,,,,,
5222,22,7,,,4,Days,0,0,0,0,,,,,,,
5222,23,7,,,1,Days,0,0,0,0,,,,,,,
5222,24,5,,,2,Days,0,0,0,0,,,,,,,
5222,25,7,,,5,Hours,0,0,0,0,,,,,,,
5222,26,5,,,4,Days,0,0,0,0,,,,,,,
5222,27,7,,,2,Days,0,0,0,0,,,,,,,
5222,28,7,,,1,Days,0,0,0,0,,,,,,,
5222,29,3,1,Don't know personally,7,Minutes,1,1,0,0,White,,Male,,,,
5222,30,7,,,1,Days,0,0,0,0,,,,,,,
8499,1,3,,,36,Minutes,0,0,0,0,,,,,,,
8499,2,2,6,Friend,2,Hours,1,0,0,9,White,,Female,,,,
8499,3,2,2,Don't know personally,4,Hours,1,0,0,85,White,,Female,,,,
8499,4,5,7,Family,3,Hours,1,0,0,23,White,,Female,,,,
8499,5,1,1,Don't know personally,19,Hours,1,1,0,0,White,,Female,,,,
8499,6,1,4,Acquaintance,34,Minutes,1,1,0,1,White,,Female,,,,
8499,7,3,1,Don't know personally,3,Hours,1,1,0,0,White,,Female,,,,
8499,8,1,5,Acquaintance,1,Days,1,0,0,1,White,,Female,,,,
8499,9,1,4,Acquaintance,15,Hours,1,0,0,16,White,,Female,,,,
8499,10,5,,,15,Hours,0,0,0,0,,,,,,,
8499,11,5,,,3,Days,0,0,0,0,,,,,,,
8499,12,1,1,Don't know personally,1,Days,1,1,0,0,White,,Female,,,,
8499,13,4,3,Acquaintance,9,Minutes,1,0,0,62,White,,Female,,,,
8499,14,1,1,Don't know personally,15,Minutes,1,1,0,0,White,,Female,,,,
8499,15,2,6,Friend,2,Minutes,1,0,0,9,White,,Male,,,,
8499,16,1,1,Don't know personally,1,Hours,1,1,0,0,White,,,,,,
8499,17,1,,,7,Hours,0,0,0,0,,,,,,,
8499,18,3,3,Acquaintance,20,Hours,1,0,0,7,White,,Male,,,,
8499,19,1,7,Family,3,Hours,1,0,0,,White,,Female,,,,
8499,20,2,,,23,Minutes,0,0,0,0,,,,,,,
8499,21,3,1,Don't know personally,1,Days,1,1,0,0,White,,Female,,,,
8499,22,2,,,5,Hours,0,0,0,0,,,,,,,
8499,23,2,1,Don't know personally,2,Minutes,1,1,0,0,White,,Female,,,,
8499,24,2,,,1,Days,0,0,0,0,,,,,,,
8499,25,1,5,Acquaintance,4,Hours,1,0,0,13,White,,Female,,,,
8499,26,1,,,1,Hours,0,0,0,0,,,,,,,
8499,27,2,1,Don't know personally,8,Minutes,1,1,0,0,White,,Female,,,,
8499,28,1,1,Don't know personally,6,Minutes,1,1,0,0,White,,Female,,,,
8499,29,2,1,Don't know personally,17,Hours,1,1,0,0,White,,Female,,,,
8499,30,1,,,7,Hours,0,0,0,0,,,,,,,
2526,1,7,4,Friend,3,Days,1,0,0,90,White,,Female,Participant reacted to this post,,,
2526,2,7,7,Friend,2,Days,1,1,0,91,Asian,,Female,Group A,,,
2526,3,6,2,Acquaintance,3,Days,1,0,0,18,Black or African American,,Male,Participant reacted to this post,,,
2526,4,1,,,4,Days,0,0,0,,,,,,,,
2526,5,1,1,Don't know personally,86,Days,1,1,0,0,Hispanic,,Male,"Group B; ""_____ commented""",,,
2526,6,7,7,Friend,5,Days,1,1,0,53,Hispanic,,Male,,,,
2526,7,7,7,Friend,10,Days,1,1,0,121,Asian,,Female,Group C,,,
2526,8,7,,,4,Days,0,0,0,,,,,Suggested Post,,,
2526,9,7,7,Friend,5,Days,1,0,0,50,Hispanic,,Male,Participant accidentally refreshed the feed,,,
2526,10,1,1,Don't know personally,2,Hours,1,1,0,60,Asian,,Male,,,,
2526,11,5,2,Acquaintance,2,Days,1,0,0,0,White,,Female,,,,
2526,12,2,6,Acquaintance,2,Days,1,0,0,50,White,,Male,Bundeled Post - 14 people wished a friend happy birthday ,,,
2526,13,5,1,Don't know personally,4,Days,1,1,0,0,White,,Female,Group A,,,
2526,14,3,1,Don't know personally,65,Days,1,1,0,1,Asian,,Male,Group B,,,
2526,15,1,7,Friend,19,Hours,1,0,0,23,Black or African American,,Female,,,,
2526,16,1,,,7,Hours,0,0,0,,,,,Suggested Post,,,
2526,17,1,1,Don't know personally,3,Days,1,0,0,0,White,,Female,,,,
2526,18,7,1,Don't know personally,3,Hours,1,1,0,0,White,,Female,,,,
2526,19,3,,,3,Days,0,0,0,,,,,Suggested Post,,,
2526,20,7,1,Don't know personally,3,Hours,1,1,0,3,Asian,,Male,,,,
2526,21,2,5,Acquaintance,1,Days,1,0,0,22,White,,Female,,,,
2526,22,7,1,Friend,2,Days,1,0,0,0,White,,Female,,,,
2526,23,7,1,Don't know personally,14,Hours,1,1,0,0,Asian,,Female,Group B,,,
2526,24,1,,,3,Days,0,0,0,,,,,Suggested Post,,,
2526,25,1,1,Don't know personally,2,Days,1,1,0,5,White,,Female,Group A,,,
2526,26,4,1,Don't know personally,2,Days,1,1,0,0,White,,Male,,,,
2526,27,7,1,Don't know personally,1,Days,1,1,0,0,White,,Male,Group B,,,
2526,28,1,1,Don't know personally,3,Days,1,1,0,0,White,,Female,,,,
2526,29,1,,,15,Hours,0,0,0,,,,,Suggested Post,,,
2526,30,2,1,Don't know personally,1,Days,1,1,0,0,Asian,,Male,,,,
1744,1,1,,,12,Minutes,0,0,0,0,,,,,,,
1744,2,2,1,Don't know personally,19,Hours,1,1,0,0,Asian,,Male,,,,
1744,3,3,5,Acquaintance,21,Minutes,1,0,0,13,Hispanic,,Female,,,,
1744,4,4,,,1,Days,0,0,0,0,,,,,,,
1744,5,2,1,Don't know personally,1,Hours,1,1,0,0,White,,Male,,,,
1744,6,2,,,19,Hours,0,0,0,0,,,,,,,
1744,7,2,1,Don't know personally,2,Days,1,1,0,0,White,,Female,,,,
1744,8,4,,,3,Days,0,0,0,0,,,,,,,
1744,9,2,,,3,Days,0,0,0,0,,,,,,,
1744,10,3,,,2,Days,0,0,0,0,,,,,,,
1744,11,3,1,Don't know personally,2,Days,1,1,0,0,White,,Male,,,,
1744,12,1,4,Acquaintance,3,Days,0,0,0,0,,,,,,,
1744,13,1,1,Don't know personally,2,Days,1,1,0,0,White,,,,,,
1744,14,2,,,1,Days,0,0,0,0,,,Female,,,,
1744,15,2,1,Don't know personally,2,Days,1,1,0,0,White,,Female,,,,
1744,16,1,,,2,Days,0,0,0,0,,,,,,,
1744,17,1,1,Don't know personally,2,Days,1,1,0,0,Other,,Non-binary,,,,
1744,18,2,4,Acquaintance,3,Days,1,0,0,329,White,,Male,,,,
1744,19,4,7,Friend,17,Hours,1,0,0,28,White,,Male,,,,
1744,20,1,5,Acquaintance,4,Hours,1,0,0,85,White,,Female,,,,
1744,21,2,1,Don't know personally,3,Days,1,1,0,0,White,,Female,,,,
1744,22,1,,,2,Days,0,0,0,0,,,,,,,
1744,23,4,,,2,Days,0,0,0,0,,,,,,,
1744,24,3,,,2,Days,0,0,0,0,,,,,,,
1744,25,1,,,2,Days,0,0,0,0,,,,,,,
1744,26,3,,,2,Days,0,0,0,0,,,,,,,
1744,27,3,,,3,Days,0,0,0,0,,,,,,,
1744,28,2,,,2,Days,0,0,0,0,,,,,,,
1744,29,3,,,3,Days,0,0,0,0,,,,,,,
1744,30,4,,,2,Days,0,0,0,0,,,,,,,
4409,1,3,,,1,Hours,0,0,0,,,,,Page A,,,
4409,2,4,3,Acquaintance,46,Minutes,1,0,0,14,White,,Female,,,,
4409,3,5,,,16,Hours,0,0,0,,,,,,,,
4409,4,6,1,Don't know personally,8,Hours,1,1,0,0,White,,Female,,,,
4409,5,2,2,Don't know personally,2,Hours,1,1,0,38,White,,Female,,,,
4409,6,4,,,2,Days,0,0,0,,,,,,,,
4409,7,3,,,2,Days,0,0,0,,,,,,,,
4409,8,6,3,Acquaintance,1,Days,1,0,0,53,White,,Female,Person A,,,
4409,9,2,4,Friend,23,Hours,1,0,0,74,White,,Female,,,,
4409,10,3,2,Acquaintance,20,Hours,1,0,0,15,White,,Female,,,,
4409,11,5,3,Acquaintance,3,Hours,1,0,0,31,White,,Female,,,,
4409,12,4,3,Acquaintance,1,Days,1,0,0,100,White,,Male,,,,
4409,13,4,3,Acquaintance,1,Days,1,0,0,30,White,,Male,,,,
4409,14,5,,,4,Days,0,0,0,,,,,,,,
4409,15,4,,,18,Hours,0,0,0,,,,,Suggested Post,,,
4409,16,3,3,Acquaintance,2,Days,1,0,0,9,White,,Female,,,,
4409,17,4,4,Friend,20,Hours,1,0,0,7,White,,Female,,,,
4409,18,2,2,Acquaintance,4,Hours,1,0,0,80,White,,Female,,,,
4409,19,4,3,Acquaintance,1,Days,1,0,0,53,White,,Female,Person A,,,
4409,20,3,1,Don't know personally,1,Hours,1,0,0,18,Asian,,Female,,,,
4409,21,2,2,Acquaintance,6,Minutes,1,1,0,101,White,,Non-binary,,,,
4409,22,1,3,Acquaintance,1,Days,1,0,0,53,White,,Female,Person A,,,
4409,23,3,,,2,Days,0,0,0,,,,,,,,
4409,24,5,4,Acquaintance,19,Hours,1,0,0,101,,,,Unidentifiable,,,
4409,25,4,,,10,Days,0,0,0,,,,,Suggested Post,,,
4409,26,4,1,Don't know personally,1,Days,1,0,0,3,White,,Female,,,,
4409,27,3,2,Acquaintance,2,Days,1,0,0,35,Black or African American,,Female,,,,
4409,28,4,,,4,Minutes,0,0,0,,,,,,,,
4409,29,5,4,Friend,20,Hours,1,0,0,101,,,,Unidentifiable,,,
4409,30,2,,,17,Hours,0,0,0,,,,,Suggested Post,,,
8245,1,3,1,Don't know personally,1,Hours,1,0,0,104,White,,Female,"""_____ was tagged""",,,
8245,2,2,,,7,Minutes,0,0,0,,,,,,,,
8245,3,3,,,7,Hours,0,0,0,,,,,,,,
8245,4,3,,,3,Hours,0,0,0,,,,,,,,
8245,5,3,,,,,0,0,0,,,,,Page A; Tenure wasn't shown,,,
8245,6,2,,,14,Days,0,0,0,,,,,Suggested Post,,,
8245,7,4,,,3,Minutes,0,0,0,,,,,Page B,,,
8245,8,4,,,2,Days,0,0,0,,,,,Page C,,,
8245,9,3,,,1,Days,0,0,0,,,,,Suggested Post,,,
8245,10,2,,,6,Minutes,0,0,0,,,,,Page A,,,
8245,11,2,,,6,Hours,0,0,0,,,,,Suggested Post,,,
8245,12,5,,,2,Days,0,0,0,,,,,"Suggested Post; ""Something Went Wrong"" error popped up, needed to refresh page",,,
8245,13,3,4,Family,6,Hours,1,0,0,20,Hispanic,,Female,,,,
8245,14,2,,,3,Hours,0,0,0,,,,,Page A,,,
8245,15,3,4,Family,3,Days,1,0,0,23,Asian,Hispanic,Female,,,,
8245,16,3,1,Don't know personally,23,Hours,1,0,0,104,Asian,,Female,,,,
8245,17,2,,,2,Days,0,0,0,,,,,Suggested Post,,,
8245,18,2,4,Acquaintance,1,Days,1,0,0,33,Asian,,Male,,,,
8245,19,2,,,1,Days,0,0,0,,,,,Suggested Post,,,
8245,20,1,3,Acquaintance,1,Days,1,0,0,44,Asian,,Male,,,,
8245,21,3,,,3,Days,0,0,0,,,,,Suggested Post,,,
8245,22,4,,,3,Hours,0,0,0,,,,,,,,
8245,23,4,3,Acquaintance,7,Hours,1,0,0,44,Asian,,Male,,,,
8245,24,3,1,Don't know personally,1,Hours,1,0,0,140,White,Hispanic,Female,,,,
8245,25,4,,,4,Days,0,0,0,,,,,Suggested Post,,,
8245,26,2,5,Family,10,Hours,1,0,0,34,Asian,Hispanic,Female,,,,
8245,27,4,,,5,Hours,0,0,0,,,,,,,,
8245,28,4,,,5,Hours,0,0,0,,,,,Page B,,,
8245,29,3,1,Don't know personally,9,Hours,1,0,0,104,Asian,,Female,,,,
8245,30,2,,,2,Hours,0,0,0,,,,,,,,
2390,1,7,,,6,Hours,0,0,0,0,,,,,,,
2390,2,2,1,Don't know personally,16,Hours,1,1,0,0,Asian,,Male,,,,
2390,3,7,,,2,Hours,0,0,0,0,,,,,,,
2390,4,2,6,Friend,16,Hours,1,1,0,23,White,,Female,,,,
2390,5,7,,,4,Hours,0,0,0,0,,,,,,,
2390,6,2,1,Don't know personally,16,Hours,1,1,0,0,Hispanic,,Female,,,,
2390,7,7,,,7,Hours,0,0,0,0,,,,,,,
2390,8,7,,,11,Hours,0,0,0,0,,,,,,,
2390,9,1,1,Don't know personally,16,Hours,1,1,0,0,Asian,,Female,,,,
2390,10,7,,,3,Hours,0,0,0,0,,,,,,,
2390,11,4,4,Acquaintance,3,Hours,1,0,0,25,White,,Female,,,,
2390,12,7,,,14,Hours,0,0,0,0,,,,,,,
2390,13,2,1,Don't know personally,15,Hours,1,1,0,0,Hispanic,,Male,,,,
2390,14,2,3,Acquaintance,18,Hours,1,0,0,18,White,,Female,,,,
2390,15,2,1,Don't know personally,15,Hours,1,1,0,0,White,,Male,,,,
2390,16,7,,,16,Hours,0,0,0,0,,,,,,,
2390,17,1,1,Don't know personally,1,Hours,1,1,0,0,White,,Female,,,,
2390,18,7,,,10,Hours,0,0,0,0,,,,,,,
2390,19,3,1,Don't know personally,16,Hours,1,1,0,0,White,,Male,,,,
2390,20,7,,,5,Hours,0,0,0,0,,,,,,,
2390,21,3,1,Don't know personally,16,Hours,1,1,0,0,Asian,,Male,,,,
2390,22,3,1,Don't know personally,30,Minutes,1,1,0,0,White,,Male,,,,
2390,23,2,1,Don't know personally,16,Hours,1,1,0,0,White,,Female,,,,
2390,24,3,4,Acquaintance,18,Hours,1,0,0,156,Asian,,Female,,,,
2390,25,1,5,Acquaintance,1,Days,1,1,0,123,White,,Male,,,,
2390,26,2,4,Acquaintance,18,Hours,1,0,0,98,White,,Male,,,,
2390,27,1,4,Acquaintance,20,Hours,1,0,0,25,White,,Female,,,,
2390,28,7,,,4,Hours,0,0,0,0,,,,,,,
2390,29,3,1,Don't know personally,18,Hours,1,1,0,0,Asian,,Male,,,,
2390,30,7,,,15,Hours,0,0,0,0,,,,,,,
5146,1,6,,,2,Minutes,0,0,0,0,,,,,,,
5146,2,7,7,Friend,16,Minutes,1,0,0,9,White,,Female,,,,
5146,3,6,4,Acquaintance,19,Days,1,0,0,8,White,,Female,,,,
5146,4,7,7,Friend,12,Hours,1,0,0,30,White,,Female,,,,
5146,5,7,7,Family,19,Hours,1,0,0,4,White,,Female,,,,
5146,6,7,5,Acquaintance,1,Hours,1,0,0,49,White,,Female,,,,
5146,7,7,7,Friend,17,Hours,1,0,0,3,White,,Female,,,,
5146,8,6,2,Don't know personally,2,Hours,1,0,0,48,White,,Male,,,,
5146,9,7,5,Acquaintance,11,Hours,1,0,0,53,White,,Female,,,,
5146,10,7,7,Friend,7,Minutes,1,0,0,30,White,,Female,,,,
5146,11,7,,,4,Hours,0,0,0,0,,,,,,,
5146,12,7,5,Acquaintance,17,Minutes,1,0,0,130,White,,Female,,,,
5146,13,6,1,Don't know personally,2,Days,1,0,0,1,White,,Male,,,,
5146,14,7,,,42,Minutes,0,0,0,0,,,,,,,
5146,15,7,5,Acquaintance,34,Minutes,1,0,0,49,White,,Female,,,,
5146,16,7,5,Acquaintance,2,Days,1,0,0,276,White,,Female,,,,
5146,17,7,7,Friend,3,Hours,1,0,0,9,White,,Female,,,,
5146,18,7,7,Friend,3,Hours,1,0,0,276,White,,Female,,,,
5146,19,6,7,Friend,4,Hours,1,0,0,18,White,,Female,,,,
5146,20,1,7,Friend,13,Minutes,1,0,0,2,White,,Female,,,,
5146,21,4,2,Don't know personally,6,Days,1,0,0,6,White,,Female,,,,
5146,22,7,,,1,Hours,0,0,0,0,,,,,,,
5146,23,7,7,Friend,11,Hours,1,0,0,90,White,,Female,,,,
5146,24,6,5,Acquaintance,13,Hours,1,0,0,35,White,,Female,,,,
5146,25,1,5,Acquaintance,8,Hours,1,0,0,130,White,,Female,,,,
5146,26,7,7,Friend,1,Hours,1,0,0,18,White,,Female,,,,
5146,27,4,7,Friend,2,Days,1,0,0,30,White,,Female,,,,
5146,28,7,5,Acquaintance,3,Days,1,0,0,53,White,,Female,,,,
5146,29,6,1,Don't know personally,4,Days,1,0,0,249,White,,Female,,,,
5146,30,4,7,Friend,2,Days,1,0,0,2,White,,Female,,,,
5584,1,4,,,15,Minutes,0,0,0,0,,,,,,,
5584,2,6,,,2,Hours,0,0,0,0,,,,,,,
5584,3,6,,,2,Days,0,0,0,0,,,,,,,
5584,4,2,,,2,Days,0,0,0,0,,,,,,,
5584,5,3,,,5,Days,0,0,0,0,,,,,,,
5584,6,7,,,2,Hours,0,0,0,0,,,,,,,
5584,7,5,,,4,Hours,0,0,0,0,,,,,,,
5584,8,2,,,6,Hours,0,0,0,0,,,,,,,
5584,9,5,,,2,Hours,0,0,0,0,,,,,,,
5584,10,6,,,2,Days,0,0,0,0,,,,,,,
5584,11,4,,,2,Days,0,0,0,0,,,,,,,
5584,12,5,1,Don't know personally,2,Days,1,1,0,0,Asian,,Female,,,,
5584,13,2,1,Don't know personally,3,Days,1,1,0,0,Asian,,Female,,,,
5584,14,2,,,2,Days,0,0,0,0,,,,,,,
5584,15,3,1,Don't know personally,2,Hours,1,1,0,0,White,,Female,,,,
5584,16,2,1,Don't know personally,3,Days,1,1,0,0,Asian,,Male,,,,
5584,17,3,,,2,Days,0,0,0,0,,,,,,,
5584,18,2,1,Don't know personally,10,Hours,1,1,0,0,Asian,,Female,,,,
5584,19,2,2,Don't know personally,15,Hours,1,1,0,2,White,,Female,,,,
5584,20,4,,,6,Hours,0,0,0,0,,,,,,,
5584,21,2,1,Don't know personally,2,Hours,1,1,0,0,White,,Female,,,,
5584,22,1,1,Don't know personally,4,Days,1,1,0,0,Asian,,Female,,,,
5584,23,2,,,2,Days,0,0,0,0,,,,,,,
5584,24,2,1,Don't know personally,3,Days,1,1,0,0,Asian,,Male,,,,
5584,25,3,,,2,Days,0,0,0,0,,,,,,,
5584,26,1,1,Don't know personally,3,Days,1,1,0,0,Asian,,Female,,,,
5584,27,4,1,Don't know personally,2,Hours,1,1,0,0,Asian,,Male,,,,
5584,28,1,,,13,Hours,0,0,0,0,,,,,,,
5584,29,1,1,Don't know personally,2,Days,1,1,0,0,Asian,,Female,,,,
5584,30,1,3,Family,7,Hours,1,1,0,0,Asian,,Female,,,,
9443,1,5,2,Don't know personally,56,Minutes,1,0,0,13,White,,Female,,,,
9443,2,2,6,Friend,2,Days,1,0,0,8,White,,Male,,,,
9443,3,6,5,Acquaintance,2,Hours,1,0,0,1,White,,Female,,,,
9443,4,2,3,Acquaintance,12,Hours,1,0,0,7,White,,Female,,,,
9443,5,7,7,Friend,7,Hours,1,0,0,24,White,,Male,,,,
9443,6,3,6,Friend,19,Minutes,1,0,0,2,White,,Female,,,,
9443,7,6,7,Friend,6,Hours,1,0,0,22,Hispanic,,Male,,,,
9443,8,6,2,Don't know personally,2,Days,1,0,0,6,White,,Female,,,,
9443,9,5,5,Acquaintance,7,Hours,1,0,0,2,White,,Female,,,,
9443,10,2,2,Don't know personally,42,Minutes,1,0,0,13,White,,Female,,,,
9443,11,3,5,Acquaintance,10,Hours,1,0,0,25,White,,Male,,,,
9443,12,2,2,Don't know personally,1,Hours,1,0,0,6,White,,Male,,,,
9443,13,2,2,Don't know personally,9,Minutes,1,0,0,1,White,,Female,,,,
9443,14,2,4,Acquaintance,18,Minutes,1,0,0,4,White,,Female,,,,
9443,15,7,5,Acquaintance,1,Days,1,0,0,2,White,,Female,,,,
9443,16,6,6,Friend,2,Days,1,0,0,22,Hispanic,,Male,,,,
9443,17,5,4,Acquaintance,1,Days,1,0,0,2,White,,Female,,,,
9443,18,6,4,Acquaintance,1,Days,1,0,0,9,White,,Female,,,,
9443,19,7,6,Friend,8,Hours,1,0,0,25,White,,Female,,,,
9443,20,6,,,1,Hours,0,0,0,0,,,,,,,
9443,21,1,6,Friend,9,Hours,1,0,0,,White,,Female,,,,
9443,22,7,6,Friend,4,Hours,1,0,0,22,Hispanic,,Male,,,,
9443,23,5,1,Don't know personally,6,Hours,1,0,0,1,White,,Female,,,,
9443,24,6,3,Acquaintance,5,Minutes,1,0,0,6,White,,Female,,,,
9443,25,7,7,Friend,2,Days,1,0,0,31,White,,Male,,,,
9443,26,6,1,Don't know personally,3,Days,1,1,0,0,White,,Female,,,,
9443,27,5,4,Acquaintance,6,Hours,1,0,0,7,White,,Female,,,,
9443,28,5,,,1,Days,0,0,0,0,,,,,,,
9443,29,1,3,Acquaintance,7,Hours,1,0,0,6,White,,Male,,,,
9443,30,7,6,Friend,4,Hours,1,0,0,6,White,,Male,,,,
3107,1,6,1,Don't know personally,2,Days,1,1,0,0,Black or African American,,Female,Group A,,,
3107,2,6,5,Friend,18,Hours,1,0,0,1,White,,Female,,,,
3107,3,6,1,Don't know personally,12,Hours,1,1,0,0,Black or African American,,Female,Group A,,,
3107,4,7,3,Acquaintance,13,Hours,1,0,0,55,White,,Female,,,,
3107,5,6,1,Don't know personally,10,Hours,1,1,0,0,White,,Female,Group A,,,
3107,6,2,3,Acquaintance,20,Hours,1,0,0,181,White,,Male,,,,
3107,7,7,3,Acquaintance,1,Days,1,0,0,146,White,,Male,,,,
3107,8,3,5,Acquaintance,21,Hours,1,0,0,108,White,,Male,,,,
3107,9,7,7,Friend,18,Minutes,1,0,0,0,White,,Male,,,,
3107,10,7,6,Friend,1,Hours,1,0,0,0,White,,Female,,,,
3107,11,1,7,Family,22,Minutes,1,0,0,39,White,,Male,,,,
3107,12,7,6,Friend,1,Hours,1,0,0,0,White,,Female,,,,
3107,13,7,7,Friend,7,Minutes,1,0,0,147,Hispanic,,Female,,,,
3107,14,7,6,Friend,1,Hours,1,0,0,0,White,,Female,,,,
3107,15,6,1,Don't know personally,3,Days,1,0,0,0,,,,Unidentifiable,,,
3107,16,7,1,Don't know personally,48,Minutes,1,1,0,0,Black or African American,,Male,Group A,,,
3107,17,7,6,Friend,26,Minutes,1,0,0,92,White,,Female,,,,
3107,18,6,4,Acquaintance,3,Days,1,0,0,7,Hispanic,,Female,,,,
3107,19,7,6,Friend,6,Minutes,1,0,0,103,White,,Female,,,,
3107,20,5,5,Friend,3,Days,1,0,0,88,White,,Female,,,,
3107,21,2,6,Friend,2,Days,1,0,0,13,White,,Female,,,,
3107,22,7,3,Acquaintance,3,Days,1,0,0,132,Hispanic,,Female,,,,
3107,23,7,6,Friend,2,Days,1,0,0,147,Hispanic,,Female,,,,
3107,24,1,1,Don't know personally,3,Days,1,0,0,36,White,,Male,,,,
3107,25,5,4,Friend,2,Days,1,0,0,124,Hispanic,,Male,,,,
3107,26,6,6,Friend,4,Days,1,0,0,36,White,,Female,,,,
3107,27,7,6,Friend,4,Days,1,0,0,81,White,,Male,,,,
3107,28,7,6,Friend,5,Days,1,0,0,10,White,,Female,,,,
3107,29,1,1,Don't know personally,3,Days,1,0,0,0,,,,Unidentifiable,,,
3107,30,7,7,Friend,2,Days,1,0,0,2,White,,Female,,,,
9910,1,7,,,20,Minutes,1,0,0,,,,,,,,
9910,2,4,1,Don't know personally,56,Minutes,1,1,0,0,White,,Female,in 100k,Group A,,
9910,3,2,1,Don't know personally,16,Minutes,1,1,0,0,White,,Female,in PSG,Group B,,
9910,4,3,1,Don't know personally,46,Minutes,1,1,0,0,Asian,,Female,in CWPRG,,,
9910,5,3,1,Don't know personally,52,Minutes,1,1,0,0,White,,Female,in *s*,,,
9910,6,2,1,Don't know personally,1,Hours,1,1,0,0,White,,Female,in PSG,Group B,,
9910,7,4,1,Don't know personally,1,Hours,1,1,0,0,White,,Female,in YNAB,,,
9910,8,3,1,Don't know personally,49,Minutes,1,1,0,0,Hispanic,,Male,in LNN,,,
9910,9,4,1,Don't know personally,58,Minutes,1,1,0,0,White,,Female,in MAT,,,
9910,10,4,1,Don't know personally,33,Minutes,1,1,0,0,Black or African American,,Female,in RBSC,,,
9910,11,2,1,Don't know personally,1,Hours,1,1,0,0,White,,Female,in Enne,,,
9910,12,7,1,Acquaintance,4,Hours,1,1,0,0,White,,Male,in CWPL,,,
9910,13,2,5,Friend,1,Hours,1,0,0,7,White,,Female,WTT,,,
9910,14,5,1,Don't know personally,37,Minutes,1,1,0,0,White,,Female,in PSLFPS,,,
9910,15,2,1,Don't know personally,3,Hours,1,1,0,0,White,,Female,in J+C,,,
9910,16,2,2,Acquaintance,2,Days,1,0,0,21,White,,Male,BC,,,
9910,17,6,1,Don't know personally,2,Minutes,1,1,0,0,White,,Female,in 100k,Group A,,
9910,18,2,1,Don't know personally,58,Minutes,1,1,0,0,White,,Female,in *s*,,,
9910,19,2,1,Don't know personally,5,Hours,1,1,0,0,White,,Female,in PSG,Group B,,
9910,20,2,,,8,Minutes,0,0,0,,,,,CWM,,,
9910,21,3,1,Don't know personally,3,Days,1,1,0,0,White,,Female,in LNN,,,
9910,22,4,1,Don't know personally,22,Hours,1,1,0,0,Hispanic,,Female,in YNAB,,,
9910,23,7,1,Acquaintance,5,Hours,1,1,0,0,White,,Male,in CWPL,,,
9910,24,1,1,Don't know personally,8,Minutes,1,1,0,0,White,,Female,in R+SP,,,
9910,25,2,1,Don't know personally,3,Minutes,1,1,0,0,White,,Female,in RBSC,,,
9910,26,2,,,2,Days,0,0,0,,,,,sp,,,
9910,27,1,1,Don't know personally,3,Days,1,1,0,0,Asian,,Female,in MAT,,,
9910,28,4,3,Acquaintance,52,Minutes,1,0,0,41,White,,Female,BR,,,
9910,29,5,,,49,Minutes,0,0,0,,,,,CDS,,,
9910,30,3,,,17,Minutes,0,0,0,,,,,,,,
6416,1,6,,,2,Hours,0,0,0,0,,,,,,,
6416,2,5,,,4,Hours,0,0,0,0,,,,,,,
6416,3,5,5,Acquaintance,1,Hours,1,0,0,45,White,,Female,,,,
6416,4,1,,,2,Hours,0,0,0,0,,,,,,,
6416,5,4,4,Acquaintance,4,Hours,1,0,0,175,White,,Male,,,,
6416,6,3,4,Acquaintance,2,Hours,1,0,0,106,,,,,,,
6416,7,6,,,2,Days,0,0,0,0,,,,,,,
6416,8,6,,,4,Hours,0,0,0,0,,,,,,,
6416,9,2,5,Acquaintance,3,Hours,1,0,0,10,White,,Male,,,,
6416,10,3,2,Don't know personally,40,Minutes,1,0,0,24,White,,Female,,,,
6416,11,6,4,Acquaintance,2,Hours,1,0,0,228,Hispanic,,Female,,,,
6416,12,4,2,Don't know personally,5,Hours,1,0,0,8,White,,Male,,,,
6416,13,6,,,2,Days,0,0,0,0,,,,,,,
6416,14,4,,,1,Hours,0,0,0,0,,,,,,,
6416,15,5,,,8,Days,0,0,0,0,,,,,,,
6416,16,1,2,Acquaintance,3,Hours,1,0,0,191,White,,Male,,,,
6416,17,3,,,34,Minutes,0,0,0,0,,,,,,,
6416,18,3,,,14,Hours,0,0,0,0,,,,,,,
6416,19,3,2,Don't know personally,2,Hours,1,0,0,78,Hispanic,,Female,,,,
6416,20,1,4,Acquaintance,1,Hours,1,0,0,11,White,,Female,,,,
6416,21,1,2,Don't know personally,2,Hours,1,0,0,78,Hispanic,,Female,,,,
6416,22,5,,,3,Hours,0,0,0,0,,,,,,,
6416,23,3,,,3,Minutes,0,0,0,0,,,,,,,
6416,24,3,,,5,Hours,0,0,0,0,,,,,,,
6416,25,2,,,2,Hours,0,0,0,0,,,,,,,
6416,26,5,,,4,Days,0,0,0,0,,,,,,,
6416,27,1,3,Acquaintance,12,Minutes,0,0,0,215,,,,,,,
6416,28,4,,,2,Days,0,0,0,0,,,,,,,
6416,29,6,,,3,Hours,0,0,0,0,,,,,,,
6416,30,2,4,Acquaintance,3,Days,1,0,0,284,Hispanic,,Male,,,,
2700,1,4,4,Acquaintance,3,Hours,1,0,0,74,White,,Female,AE,,,
2700,2,7,1,Don't know personally,1,Hours,1,1,0,0,White,,Female,in AFP,,,
2700,3,6,7,Friend,12,Minutes,1,0,0,34,White,,Female,SO,,,
2700,4,5,6,Friend,20,Hours,1,0,0,8,White,,Male,SR,,,
2700,5,5,7,Family,2,Hours,1,0,0,15,White,,Female,KSW,,,
2700,6,6,1,Don't know personally,23,Hours,1,1,0,0,White,,Female,in TCIC,,,
2700,7,6,,,4,Hours,0,0,0,,,,,BCC,,,
2700,8,5,7,Friend,1,Days,1,0,0,41,Hispanic,,Male,DM,,,
2700,9,4,7,Family,2,Hours,1,0,0,165,White,,Female,BW,,,
2700,10,4,5,Friend,6,Hours,1,0,0,15,Black or African American,,Male,ACH,,,
2700,11,4,5,Friend,5,Hours,1,0,0,34,White,,Male,RJ,,,
2700,12,4,,,2,Days,0,0,0,,,,,sp,,,
2700,13,5,1,Don't know personally,4,Days,1,1,0,0,White,,Female,in Dogspotting,,,
2700,14,5,1,Don't know personally,20,Hours,1,1,0,0,White,,Female,in AFP,,,
2700,15,5,1,Don't know personally,4,Hours,1,1,0,0,Black or African American,,Male,in DIYChi,,,
2700,16,5,5,Acquaintance,5,Hours,1,0,0,7,White,,Female,DM,,,
2700,17,4,4,Acquaintance,19,Hours,1,0,0,12,White,,Female,CJR,,,
2700,18,4,7,Family,9,Minutes,1,0,0,8,White,,Male,CK,,,
2700,19,4,5,Friend,18,Hours,1,0,0,34,White,,Male,RJ,BP - 2 people shared a post,,
2700,20,5,1,Don't know personally,2,Days,1,1,0,0,White,,Male,FDRFPF,,,
2700,21,4,5,Friend,18,Hours,1,0,0,15,White,,Male,CN,,,
2700,22,5,1,Don't know personally,21,Hours,1,1,0,0,White,,Female,in TCIC,,,
2700,23,3,5,Friend,5,Hours,1,0,0,34,White,,Male,RJ,,,
2700,24,3,5,Friend,15,Minutes,1,0,0,23,Hispanic,,Male,AB,BP - 2 posted,,
2700,25,6,1,Don't know personally,3,Days,1,1,0,0,White,,Female,in AFP,,,
2700,26,4,5,Friend,3,Hours,1,0,0,70,White,,Female,LJ,,,
2700,27,3,3,Acquaintance,,,1,0,0,16,White,,Female,AK,BP - same person 2 life events,July,
2700,28,6,,,45,Minutes,0,0,0,,,,,BCC,,,
2700,29,3,3,Acquaintance,31,Minutes,1,0,0,30,Hispanic,,Female,VTG,,,
2700,30,1,4,Acquaintance,2,Hours,1,0,0,19,White,,Female,CL,,,
4051,1,3,,,22,Minutes,0,0,0,,,,,Franco's,,,
4051,2,1,3,Acquaintance,43,Minutes,1,0,0,2,White,,Female,MLB,,,
4051,3,3,1,Don't know personally,19,Hours,1,1,0,0,White,,Female,in TM,,,
4051,4,2,2,Acquaintance,10,Hours,1,0,0,36,White,,Female,MS,,,
4051,5,6,6,Friend,40,Minutes,1,0,0,118,White,,Female,KL,,,
4051,6,4,,,20,Hours,0,0,0,,,,,PPSH,,,
4051,7,2,,,16,Hours,0,0,0,,,,,KAR,,,
4051,8,3,3,Friend,27,Minutes,1,0,0,1,White,,Female,MB,,,
4051,9,2,2,Don't know personally,2,Hours,1,0,0,29,White,,Male,LJB,,,
4051,10,6,7,Family,3,Hours,1,0,0,20,White,,Female,EJ,,,
4051,11,1,4,Friend,5,Hours,1,0,0,34,White,,Female,AA,,,
4051,12,1,3,Friend,2,Days,1,0,0,120,White,,Female,MM,BP - 2 people shared the same post,,
4051,13,2,3,Friend,2,Hours,1,0,0,57,White,,Male,DG,,,
4051,14,1,7,Friend,3,Hours,1,0,0,0,White,,Female,OMB,,,
4051,15,1,1,Don't know personally,2,Days,1,1,0,0,White,,Female,in CMI,,,
4051,16,1,3,Acquaintance,2,Hours,1,0,0,23,White,,Female,SS,,,
4051,17,1,2,Acquaintance,1,Minutes,1,0,0,178,White,,Female,BE,,,
4051,18,2,5,Friend,1,Hours,1,0,0,62,White,,Female,SZ,,,
4051,19,1,7,Family,2,Hours,1,0,0,20,White,,Female,EJ,,,
4051,20,1,7,Friend,22,Hours,1,0,0,662,White,,Female,LT,,,
4051,21,1,2,Acquaintance,2,Days,1,0,0,71,White,,Female,AS,,,
4051,22,2,2,Acquaintance,2,Days,1,0,0,34,White,,Female,CH,,,
4051,23,3,3,Friend,5,Hours,1,0,0,81,White,,Female,AHG,,,
4051,24,5,6,Friend,4,Days,1,0,0,117,White,,Male,RS,,,
4051,25,4,3,Acquaintance,7,Hours,1,0,0,17,White,,Male,AK,,,
4051,26,5,7,Family,3,Hours,1,0,0,20,White,,Female,EJ,,,
4051,27,5,5,Friend,2,Days,1,0,0,197,White,,Male,ZL,,,
4051,28,1,3,Acquaintance,4,Hours,1,0,0,1,White,,Female,GWL,,,
4051,29,2,1,Don't know personally,2,Days,1,1,0,0,White,,Female,in CMI,,,
4051,30,1,5,Friend,2,Minutes,1,0,0,77,White,,Male,RW,,,
5527,1,2,3,Acquaintance,7,Days,1,0,0,100,White,,Female,,,,
5527,2,5,5,Acquaintance,3,Days,1,0,0,152,White,,Male,,,,
5527,3,5,,,3,Hours,0,0,0,0,,,,,,,
5527,4,6,6,Friend,22,Hours,1,0,0,102,White,,Male,,,,
5527,5,4,6,Friend,4,Days,1,0,0,10,White,,Male,,,,
5527,6,3,,,15,Hours,0,0,0,0,,,,,,,
5527,7,3,3,Acquaintance,3,Hours,1,0,0,118,White,,Female,,,,
5527,8,5,4,Acquaintance,2,Days,1,0,0,173,Black or African American,,Female,,,,
5527,9,3,5,Acquaintance,20,Hours,1,0,0,5,White,,Female,,,,
5527,10,1,3,Acquaintance,3,Days,1,0,0,7,White,,Male,,,,
5527,11,2,5,Acquaintance,5,Days,1,0,0,5,White,,Female,,,,
5527,12,3,,,12,Hours,0,0,0,0,,,,,,,
5527,13,5,4,Acquaintance,14,Hours,1,0,0,173,Black or African American,,Female,,,,
5527,14,3,3,Acquaintance,2,Days,1,0,0,73,White,,Male,,,,
5527,15,4,2,Acquaintance,2,Days,1,0,0,1,White,,Female,,,,
5527,16,1,7,Friend,23,Hours,1,0,0,5,White,,Male,,,,
5527,17,6,6,Friend,19,Hours,1,0,0,230,White,,Female,,,,
5527,18,5,2,Acquaintance,7,Days,1,0,0,1,White,,Female,,,,
5527,19,5,4,Acquaintance,2,Days,1,0,0,11,White,,Female,,,,
5527,20,5,1,Don't know personally,1,Days,1,0,0,28,White,,Male,,,,
5527,21,3,,,2,Days,0,0,0,0,,,,,,,
5527,22,3,5,Acquaintance,3,Days,1,0,0,153,White,,Male,,,,
5527,23,3,6,Friend,1,Hours,1,0,0,5,White,,Female,,,,
5527,24,3,,,2,Days,0,0,0,0,,,,,,,
5527,25,3,6,Friend,2,Days,1,0,0,5,White,,Female,,,,
5527,26,4,3,Acquaintance,2,Days,1,0,0,173,Black or African American,,Female,,,,
5527,27,4,3,Acquaintance,6,Days,1,0,0,63,White,,Female,,,,
5527,28,4,3,Acquaintance,2,Days,1,0,0,2,White,,Female,,,,
5527,29,4,2,Don't know personally,3,Days,1,0,0,14,White,,Female,,,,
5527,30,4,3,Acquaintance,22,Hours,1,0,0,3,White,,Male,,,,
7162,1,3,2,Acquaintance,30,Minutes,1,0,0,1,White,,Male,,,,
7162,2,5,1,Don't know personally,50,Minutes,1,1,0,0,Other,,Non-binary,unidentifiable,,,
7162,3,7,1,Don't know personally,36,Minutes,1,1,0,0,White,,Female,,,,
7162,4,3,5,Acquaintance,36,Minutes,1,0,0,31,White,,Female,,,,
7162,5,5,6,Friend,2,Hours,1,0,0,2,White,,Female,,,,
7162,6,7,1,Don't know personally,1,Days,1,1,0,0,Asian,,Female,,,,
7162,7,6,7,Family,21,Hours,1,0,0,8,White,,Female,,,,
7162,8,6,5,Acquaintance,6,Hours,1,0,0,23,White,,Male,,,,
7162,9,6,4,Acquaintance,37,Minutes,1,0,0,6,White,,Female,,,,
7162,10,6,1,Don't know personally,45,Minutes,1,1,0,0,White,,Female,,,,
7162,11,6,4,Acquaintance,1,Hours,1,0,0,2,Hispanic,,Male,,,,
7162,12,3,4,Acquaintance,1,Hours,1,0,0,6,White,,Female,,,,
7162,13,2,4,Acquaintance,5,Hours,1,0,0,15,White,,Male,,,,
7162,14,3,4,Acquaintance,6,Hours,1,0,0,7,White,,Female,,,,
7162,15,4,4,Acquaintance,3,Days,1,0,0,2,Hispanic,,Male,,,,
7162,16,4,3,Acquaintance,2,Days,1,0,0,8,White,,Female,,,,
7162,17,5,5,Acquaintance,1,Hours,1,0,0,1,White,,Female,,,,
7162,18,4,1,Don't know personally,5,Hours,1,1,0,0,White,,Female,,,,
7162,19,4,4,Acquaintance,6,Hours,1,0,0,23,White,,Male,,,,
7162,20,5,6,Friend,2,Days,1,0,0,2,White,,Male,,,,
7162,21,3,1,Don't know personally,17,Minutes,1,1,0,0,White,,Male,,,,
7162,22,4,1,Don't know personally,2,Days,1,1,0,0,White,,Female,,,,
7162,23,6,1,Don't know personally,1,Hours,1,1,0,0,White,,Male,,,,
7162,24,7,1,Don't know personally,2,Days,1,1,0,0,White,,Female,,,,
7162,25,2,1,Don't know personally,2,Hours,1,1,0,0,White,,Female,,,,
7162,26,7,3,Acquaintance,22,Hours,1,0,0,10,White,,Male,,,,
7162,27,4,1,Don't know personally,3,Hours,1,1,0,0,White,,Female,,,,
7162,28,6,4,Acquaintance,5,Hours,1,0,0,6,White,,Female,,,,
7162,29,7,,,29,Minutes,0,0,0,0,,,,,,,
7162,30,7,5,Acquaintance,4,Hours,1,0,0,0,White,,Female,,,,
7291,1,6,,,11,Hours,0,0,0,,,,,RVCJ Media,,,
7291,2,5,1,Don't know personally,14,Hours,1,1,0,0,Asian,,Male,in SCT,,,
7291,3,4,1,Don't know personally,5,Hours,1,1,0,0,Asian,,Female,in SCT,,,
7291,4,5,,,2,Hours,0,0,0,,,,,NepentheZ,,,
7291,5,3,1,Don't know personally,19,Hours,1,1,0,0,Asian,,Male,in SCT,,,
7291,6,5,,,17,Hours,0,0,0,,,,,sp,,,
7291,7,4,,,2,Hours,0,0,0,,,,,Troll SRK H,,,
7291,8,5,,,36,Minutes,0,0,0,,,,,RVCJ Media,,,
7291,9,6,6,Friend,3,Hours,1,0,0,10,Asian,,Male,QAS,,,
7291,10,4,1,Don't know personally,2,Hours,1,1,0,0,Asian,,Male,in SRK R,,,
7291,11,5,6,Friend,3,Hours,1,0,0,10,Asian,,Male,QAS,,,
7291,12,5,,,4,Days,0,0,0,,,,,sp,,,
7291,13,5,,,4,Hours,0,0,0,,,,,Gamology,,,
7291,14,6,,,2,Days,0,0,0,,,,,sp,,,
7291,15,3,,,9,Hours,1,1,0,0,,,,in SCT,,,
7291,16,5,,,14,Hours,0,0,0,,,,,RVCJ Media,,,
7291,17,5,,,6,Hours,0,0,0,,,,,sp,,,
7291,18,6,7,Friend,2,Hours,1,0,0,52,White,,Male,CS,,,
7291,19,4,1,Don't know personally,2,Days,1,1,0,0,Asian,,Female,inSCD,,,
7291,20,3,1,Don't know personally,1,Days,1,1,0,0,Asian,,Male,in SCT,,,
7291,21,2,1,Don't know personally,14,Hours,1,1,0,0,Asian,,Male,in SCT,,,
7291,22,4,,,5,Hours,0,0,0,,,,,Troll SRK H,,,
7291,23,5,,,3,Hours,0,0,0,,,,,sp,,,
7291,24,6,,,2,Hours,0,0,0,,,,,Unilad,,,
7291,25,3,,,5,Hours,1,1,0,0,Asian,,Female,Sin SRK R,,,
7291,26,5,,,34,Minutes,0,0,0,,,,,sp,,,
7291,27,6,,,8,Hours,0,0,0,,,,,RVCJ Media,,,
7291,28,6,1,Don't know personally,18,Hours,1,1,0,0,Asian,,Male,IN sct,,,
7291,29,5,,,1,Days,0,0,0,,,,,SP,,,
7291,30,4,,,14,Hours,1,1,0,0,Asian,,Male,in SCT,,,
3795,1,7,,,1,Hours,0,0,0,0,,,,,,,
3795,2,5,5,Acquaintance,35,Minutes,1,0,0,112,Black or African American,,Female,,,,
3795,3,6,5,Acquaintance,1,Hours,1,1,0,50,Black or African American,,Male,,,,
3795,4,5,3,Acquaintance,1,Minutes,1,0,0,56,White,,Male,,,,
3795,5,4,6,Friend,3,Hours,1,0,0,59,Black or African American,,Female,,,,
3795,6,6,,,1,Days,0,0,0,0,,,,,,,
3795,7,3,7,Friend,10,Hours,1,0,0,111,Black or African American,,Female,,,,
3795,8,7,4,Acquaintance,38,Minutes,1,0,0,7,White,,Male,,,,
3795,9,4,4,Acquaintance,3,Hours,1,0,0,225,Black or African American,,Female,,,,
3795,10,3,2,Acquaintance,3,Days,1,0,0,172,White,,Female,,,,
3795,11,2,1,Acquaintance,13,Hours,1,1,0,0,White,,Female,,,,
3795,12,6,5,Acquaintance,5,Hours,1,0,0,1,Black or African American,,Male,,,,
3795,13,5,5,Acquaintance,1,Days,1,0,0,11,Black or African American,,Male,,,,
3795,14,6,,,2,Hours,0,0,0,0,,,,,,,
3795,15,3,3,Acquaintance,23,Minutes,1,1,0,18,Black or African American,,Male,,,,
3795,16,1,5,Acquaintance,3,Days,1,1,0,0,White,,Female,,,,
3795,17,3,5,Acquaintance,1,Hours,1,0,0,338,Black or African American,,Male,,,,
3795,18,1,1,Don't know personally,1,Days,1,1,0,0,Black or African American,,Male,,,,
3795,19,5,3,Acquaintance,23,Hours,1,0,0,444,Black or African American,,Male,,,,
3795,20,1,1,Don't know personally,1,Days,1,0,0,101,Other,,Non-binary,,,,
3795,21,5,,,7,Hours,0,0,0,0,,,,,,,
3795,22,5,5,Acquaintance,21,Hours,1,0,0,28,Hispanic,,Female,,,,
3795,23,5,2,Acquaintance,23,Hours,1,0,0,4,Black or African American,,Female,,,,
3795,24,6,4,Acquaintance,1,Days,1,0,0,35,Black or African American,,Male,,,,
3795,25,3,4,Acquaintance,1,Days,1,0,0,1,Black or African American,,Male,,,,
3795,26,5,4,Acquaintance,1,Days,1,0,0,35,Black or African American,,Male,,,,
3795,27,6,,,16,Hours,0,0,0,0,,,,,,,
3795,28,6,3,Acquaintance,8,Hours,1,0,0,4,Black or African American,,Female,,,,
3795,29,7,5,Acquaintance,15,Hours,1,0,0,205,Black or African American,,Male,,,,
3795,30,3,3,Acquaintance,15,Hours,1,0,0,48,Black or African American,,Female,,,,
8205,1,2,,,27,Minutes,0,0,0,,,,,BR,,,
8205,2,5,,,1,Hours,0,0,0,,,,,LEBC,,,
8205,3,2,,,2,Hours,0,0,0,,,,,IGN,,,
8205,4,1,1,Don't know personally,3,Hours,1,1,0,0,White,,Male,in NARBG,,,
8205,5,2,,,4,Minutes,0,0,0,,,,,TF,,,
8205,6,4,,,6,Minutes,0,0,0,,,,,GS,,,
8205,7,2,,,1,Hours,0,0,0,,,,,OPC,,,
8205,8,2,,,1,Hours,0,0,0,,,,,GS,,,
8205,9,5,,,12,Hours,0,0,0,,,,,sp,,,
8205,10,2,,,8,Minutes,0,0,0,,,,,Razer,,,
8205,11,6,,,6,Hours,0,0,0,,,,,IGN,,,
8205,12,1,,,5,Hours,0,0,0,,,,,MSIG,,,
8205,13,3,,,1,Days,0,0,0,,,,,sp,,,
8205,14,1,,,1,Hours,0,0,0,,,,,Diablo,,,
8205,15,1,,,3,Hours,0,0,0,,,,,BR,,,
8205,16,2,,,15,Hours,0,0,0,,,,,sp,,,
8205,17,2,2,Acquaintance,5,Hours,1,0,0,162,White,,Male,MP,,,
8205,18,2,,,2,Days,0,0,0,,,,,sp,,,
8205,19,1,1,Don't know personally,2,Days,1,0,0,71,White,,Male,KY,,,
8205,20,5,,,2,Days,0,0,0,,,,,sp,,,
8205,21,2,2,Acquaintance,14,Hours,1,0,0,,White,,Female,LJKM,Friends list privated,,
8205,22,3,,,3,Days,0,0,0,,,,,sp,,,
8205,23,1,2,Acquaintance,4,Hours,1,0,0,203,White,,Male,CK,,,
8205,24,3,,,11,Minutes,0,0,0,,,,,IGN,,,
8205,25,1,,,1,Hours,0,0,0,,,,,C9,,,
8205,26,4,,,52,Minutes,0,0,0,,,,,sp,,,
8205,27,2,,,2,Hours,0,0,0,,,,,OPC,,,
8205,28,1,,,6,Days,0,0,0,,,,,sp,,,
8205,29,3,,,1,Hours,0,0,0,,,,,FPH,,,
8205,30,3,,,1,Hours,0,0,0,,,,,IGN,,,
3550,1,2,3,Acquaintance,5,Days,1,0,0,19,Black or African American,,Female,,,,
3550,2,3,5,Acquaintance,2,Days,1,0,0,17,Black or African American,,Male,,,,
3550,3,5,4,Acquaintance,2,Days,1,0,0,18,Hispanic,,Female,,,,
3550,4,5,5,Acquaintance,22,Hours,1,0,0,10,Asian,,Female,,,,
3550,5,6,4,Acquaintance,15,Hours,1,0,0,18,Hispanic,,Female,,,,
3550,6,4,6,Family,18,Hours,1,0,0,4,Hispanic,,Female,,,,
3550,7,7,2,Acquaintance,17,Hours,1,0,0,1,White,,Female,,,,
3550,8,1,,,1,Days,0,0,0,0,,,,,,,
3550,9,3,2,Acquaintance,3,Days,1,0,0,40,White,,Female,,,,
3550,10,1,5,Acquaintance,1,Days,1,0,0,26,White,,Male,,,,
3550,11,2,1,Don't know personally,3,Days,1,0,0,6,White,,Female,,,,
3550,12,5,2,Acquaintance,7,Days,1,0,0,21,White,,Male,,,,
3550,13,4,4,Acquaintance,1,Days,1,0,0,16,White,,Male,,,,
3550,14,1,,,3,Days,0,0,0,0,,,,,,,
3550,15,4,3,Acquaintance,3,Days,1,0,0,4,White,,Female,,,,
3550,16,2,2,Acquaintance,1,Days,1,0,0,1,White,,Female,,,,
3550,17,4,2,Acquaintance,4,Days,1,0,0,23,Black or African American,,Female,,,,
3550,18,3,2,Acquaintance,2,Days,1,0,0,17,Black or African American,,Male,,,,
3550,19,2,,,5,Days,0,0,0,0,,,,,,,
3550,20,3,2,Acquaintance,2,Days,1,0,0,17,Black or African American,,Male,,,,
3550,21,2,,,4,Days,0,0,0,0,,,Male,,,,
3550,22,6,5,Acquaintance,2,Days,1,0,0,17,Black or African American,,Male,,,,
3550,23,2,4,Acquaintance,3,Days,1,0,0,14,White,,Male,,,,
3550,24,2,6,Family,18,Hours,1,0,0,4,Hispanic,,Female,,,,
3550,25,5,2,Acquaintance,5,Days,1,0,0,17,Black or African American,,Male,,,,
3550,26,4,5,Acquaintance,3,Days,1,0,0,17,Black or African American,,Male,,,,
3550,27,1,1,Don't know personally,4,Days,1,0,0,9,Black or African American,,Male,,,,
3550,28,4,4,Acquaintance,2,Days,1,0,0,26,White,,Male,,,,
3550,29,1,,,1,Days,0,0,0,0,,,,,,,
3550,30,4,5,Acquaintance,19,Hours,1,0,0,6,White,,Female,,,,
6787,1,7,3,Acquaintance,1,Hours,1,0,0,200,Asian,,Male,JP,,,
6787,2,4,6,Friend,41,Minutes,1,0,0,247,Hispanic,,Male,JB,,,
6787,3,7,4,Acquaintance,21,Minutes,1,0,0,6,Hispanic,,Female,LC,,,
6787,4,5,6,Friend,38,Minutes,1,0,0,126,Hispanic,,Male,GAF,,,
6787,5,6,2,Acquaintance,43,Minutes,1,0,0,24,Hispanic,,Male,AF,,,
6787,6,3,4,Acquaintance,6,Hours,1,0,0,26,White,,Female,LB,,,
6787,7,7,1,Don't know personally,5,Hours,1,0,0,6,Hispanic,,Male,CR,,,
6787,8,7,4,Acquaintance,1,Hours,1,0,0,6,Hispanic,,Female,LC,,,
6787,9,7,3,Acquaintance,13,Hours,1,0,0,200,Hispanic,,Male,JP and LC,BP - 2 people chared the same photo,,
6787,10,1,1,Don't know personally,5,Hours,1,0,0,23,Hispanic,,Male,IF,,,
6787,11,7,3,Acquaintance,2,Hours,1,0,0,2,Black or African American,,Female,CS,,,
6787,12,4,6,Friend,2,Hours,1,0,0,126,Hispanic,,Male,GAF,,,
6787,13,5,4,Acquaintance,1,Hours,1,0,0,26,Hispanic,,Female,YJ and JT,BP - 2 people chared the same photo,,
6787,14,7,4,Acquaintance,4,Hours,1,0,0,14,Black or African American,,Female,IBDCD,,,
6787,15,6,1,Don't know personally,2,Hours,1,0,0,26,Hispanic,,Female,MC,,,
6787,16,7,5,Acquaintance,5,Hours,1,0,0,174,Hispanic,,Female,MM,,,
6787,17,7,1,Don't know personally,1,Hours,1,0,0,62,Black or African American,,Male,KB,BP - 2 people shared a post,,
6787,18,7,1,Don't know personally,3,Hours,1,0,0,206,Hispanic,,Male,DO,,,
6787,19,7,1,Don't know personally,2,Hours,1,0,0,69,Hispanic,,Male,JT,,,
6787,20,6,4,Acquaintance,8,Hours,1,0,0,6,Hispanic,,Female,LC and JT,BP - ,,
6787,21,7,1,Don't know personally,7,Hours,1,0,0,206,Hispanic,,Male,DO,,,
6787,22,6,2,Acquaintance,5,Hours,1,0,0,,White,,Male,CRP,Friends list hidden,,
6787,23,7,1,Don't know personally,7,Hours,1,0,0,103,Black or African American,,Male,DP,,,
6787,24,5,2,Acquaintance,8,Hours,1,0,0,9,Hispanic,,Male,AH,,,
6787,25,7,4,Acquaintance,5,Hours,1,0,0,174,Hispanic,,Female,MM and LC,BP - 4 people shared a post,,
6787,26,6,7,Family,1,Hours,1,0,0,150,Hispanic,,Female,JS,,,
6787,27,1,1,Don't know personally,1,Hours,1,0,0,34,Black or African American,,Male,DF,,,
6787,28,2,6,Friend,3,Hours,1,0,0,126,Hispanic,,Male,GAF,,,
6787,29,6,6,Friend,3,Hours,1,0,0,166,Hispanic,,Female,MI,BP - 2,,
6787,30,7,1,Don't know personally,2,Hours,1,0,0,58,Hispanic,,Female,bp - 2,,,
3550,1,3,1,Don't know personally,1,Hours,1,1,0,0,Black or African American,,Male,,,,
3550,2,1,1,Don't know personally,13,Hours,1,1,0,0,Asian,,Female,,,,
3550,3,3,1,Don't know personally,3,Days,1,1,0,0,White,,Female,,,,
3550,4,2,4,Acquaintance,1,Hours,1,0,0,10,White,,Female,,,,
3550,5,1,1,Don't know personally,7,Hours,1,1,0,0,White,,Male,,,,
3550,6,4,1,Don't know personally,1,Days,1,1,0,0,White,,Female,,,,
3550,7,2,,,19,Hours,0,0,0,0,,,,,,,
3550,8,3,,,23,Hours,0,0,0,0,,,,,,,
3550,9,2,1,Don't know personally,2,Hours,1,1,0,0,Asian,,Female,,,,
3550,10,1,1,Don't know personally,2,Hours,1,1,0,0,White,,Female,,,,
3550,11,2,,,3,Hours,0,0,0,0,,,,,,,
3550,12,6,,,6,Hours,0,0,0,0,,,,,,,
3550,13,3,,,1,Days,0,0,0,0,,,,,,,
3550,14,3,,,1,Days,0,0,0,0,,,,,,,
3550,15,2,,,1,Days,0,0,0,0,,,,,,,
3550,16,1,1,Don't know personally,3,Days,1,1,0,0,Hispanic,,Female,,,,
3550,17,4,1,Don't know personally,2,Days,1,1,0,0,White,,Female,,,,
3550,18,1,1,Don't know personally,1,Days,1,1,0,0,Hispanic,,Female,,,,
3550,19,3,,,2,Days,0,0,0,0,,,,,,,
3550,20,3,1,Don't know personally,1,Days,1,1,0,0,Hispanic,,Male,,,,
3550,21,4,,,4,Days,0,0,0,0,,,,,,,
3550,22,2,,,3,Days,1,1,0,0,Black or African American,,Female,,,,
3550,23,5,4,Acquaintance,2,Days,1,0,0,4,White,,Female,,,,
3550,24,1,1,Don't know personally,19,Hours,1,1,0,0,Black or African American,,Male,,,,
3550,25,2,1,Don't know personally,12,Hours,1,1,0,0,Black or African American,,Male,,,,
3550,26,1,1,Don't know personally,1,Days,1,1,0,0,Hispanic,,Male,,,,
3550,27,2,1,Don't know personally,13,Hours,1,1,0,0,Asian,,Male,,,,
3550,28,1,1,Don't know personally,8,Hours,1,1,0,0,White,,Female,,,,
3550,29,1,1,Don't know personally,2,Days,1,1,0,0,White,,Female,,,,
3550,30,2,1,Don't know personally,1,Days,1,1,0,0,White,,Female,,,,
1755,1,5,6,Friend,50,Minutes,1,0,0,5,Hispanic,,Male,,,,
1755,2,6,,,22,Hours,0,0,0,0,,,,,,,
1755,3,5,6,Friend,55,Minutes,1,0,0,5,Hispanic,,Male,,,,
1755,4,6,,,6,Hours,0,0,0,0,,,,,,,
1755,5,2,,,1,Hours,0,0,0,0,,,,,,,
1755,6,5,,,2,Days,0,0,0,0,,,,,,,
1755,7,4,,,2,Days,0,0,0,0,,,,,,,
1755,8,1,,,2,Days,0,0,0,0,,,,,,,
1755,9,1,,,19,Hours,0,0,0,0,,,,,,,
1755,10,7,,,1,Days,0,0,0,0,,,,,,,
1755,11,7,,,2,Days,0,0,0,0,,,,,,,
1755,12,7,,,18,Hours,0,0,0,0,,,,,,,
1755,13,7,,,2,Days,0,0,0,0,,,,,,,
1755,14,7,,,1,Days,0,0,0,0,,,,,,,
1755,15,1,,,21,Minutes,0,0,0,0,,,,,,,
1755,16,2,7,Friend,17,Hours,1,0,0,32,Hispanic,,Female,,,,
1755,17,5,,,3,Days,0,0,0,0,,,,,,,
1755,18,4,,,4,Hours,0,0,0,0,,,,,,,
1755,19,7,,,19,Minutes,0,0,0,0,,,,,,,
1755,20,2,7,Friend,34,Minutes,1,0,0,32,Hispanic,,Female,,,,
1755,21,6,6,Friend,2,Days,1,0,0,26,Hispanic,,Female,,,,
1755,22,2,7,Friend,15,Hours,1,0,0,32,Hispanic,,Female,,,,
1755,23,2,7,Friend,16,Hours,1,0,0,32,Hispanic,,Female,,,,
1755,24,,,,2,Days,1,0,0,,Hispanic,,Female,,,,
1755,25,,,,,,,,,,,,,,,,
1755,26,,,,,,,,,,,,,,,,
1755,27,,,,,,,,,,,,,,,,
1755,28,,,,,,,,,,,,,,,,
1755,29,,,,,,,,,,,,,,,,
1755,30,,,,,,,,,,,,,,,,
8735,1,6,5,Acquaintance,42,Minutes,1,0,0,7,White,,Female,,,,
8735,2,7,4,Acquaintance,8,Minutes,1,0,0,18,White,,Female,,,,
8735,3,3,3,Acquaintance,1,Hours,1,0,0,2,White,,Female,,,,
8735,4,5,6,Friend,38,Minutes,1,0,0,119,White,,Male,,,,
8735,5,7,4,Acquaintance,25,Minutes,1,0,0,17,White,,Female,,,,
8735,6,2,6,Friend,50,Minutes,1,0,0,119,White,,Female,,,,
8735,7,4,3,Acquaintance,45,Minutes,1,0,0,4,White,,Female,,,,
8735,8,5,2,Acquaintance,4,Hours,1,0,0,12,White,,Female,,,,
8735,9,6,5,Acquaintance,1,Hours,1,0,0,0,White,,Female,,,,
8735,10,7,4,Acquaintance,1,Hours,1,0,0,2,White,,Male,,,,
8735,11,7,1,Acquaintance,5,Minutes,1,1,0,0,White,,Female,,,,
8735,12,7,4,Acquaintance,6,Minutes,1,0,0,25,White,,Female,,,,
8735,13,2,6,Friend,1,Hours,1,0,0,119,White,,Male,,,,
8735,14,2,4,Acquaintance,2,Hours,1,0,0,3,White,,Female,,,,
8735,15,6,3,Acquaintance,2,Hours,1,0,0,43,White,,Female,,,,
8735,16,6,4,Acquaintance,4,Hours,1,0,0,24,White,,Male,,,,
8735,17,6,5,Acquaintance,1,Hours,1,0,0,3,White,,Female,,,,
8735,18,4,5,Acquaintance,2,Hours,1,0,0,10,White,,Female,,,,
8735,19,4,5,Acquaintance,4,Minutes,1,0,0,24,White,,Female,,,,
8735,20,7,6,Friend,2,Hours,1,0,0,50,White,,Female,,,,
8735,21,5,4,Acquaintance,1,Hours,1,0,0,2,White,,Female,,,,
8735,22,7,3,Acquaintance,2,Hours,1,0,0,27,White,,Male,,,,
8735,23,7,6,Friend,3,Hours,1,0,0,12,White,,Female,,,,
8735,24,2,2,Don't know personally,11,Minutes,1,0,0,13,White,,Male,,,,
8735,25,6,5,Acquaintance,4,Minutes,1,0,0,3,White,,Female,,,,
8735,26,7,4,Acquaintance,4,Hours,1,0,0,13,White,,Female,,,,
8735,27,7,2,Don't know personally,2,Hours,1,0,0,4,White,,Female,,,,
8735,28,6,4,Acquaintance,2,Days,1,0,0,11,White,,Female,,,,
8735,29,3,3,Acquaintance,5,Days,1,0,0,29,White,,Female,,,,
8735,30,6,3,Acquaintance,56,Minutes,1,0,0,23,White,,Female,,,,